<?xml version="1.0" encoding="UTF-8"?>
<!-- Generated by Oracle Reports version 12.2.1.4.0 -->
<TRIAL_BALANCE>
  <LIST_G_TRX_TYPE>
    <G_TRX_TYPE>
      <TRX_TYPE_SORT>1</TRX_TYPE_SORT>
      <TRX_TYPE>REVENUE</TRX_TYPE>
      <TRX_TYPE_DESCRIPTION>Revenue</TRX_TYPE_DESCRIPTION>
      <IS_TB_TRX_TYPE_01>1</IS_TB_TRX_TYPE_01>
      <LIST_G_TRX_CODE>
        <G_TRX_CODE>
          <TRX_CODE_SORT>        1000        </TRX_CODE_SORT>
          <TRX_CODE>1000</TRX_CODE>
          <DESCRIPTION>Accommodation</DESCRIPTION>
          <TB_AMOUNT>9133710</TB_AMOUNT>
          <TRX_DATE>23-NOV-23</TRX_DATE>
          <NET_AMOUNT>9133710</NET_AMOUNT>
          <GUEST_LED_DEBIT>7349170</GUEST_LED_DEBIT>
          <GUEST_LED_CREDIT></GUEST_LED_CREDIT>
          <AR_LED_DEBIT>0</AR_LED_DEBIT>
          <AR_LED_CREDIT></AR_LED_CREDIT>
          <DEP_LED_DEBIT>0</DEP_LED_DEBIT>
          <DEP_LED_CREDIT></DEP_LED_CREDIT>
          <PACKAGE_LED_DEBIT>1784540</PACKAGE_LED_DEBIT>
          <PACKAGE_LED_CREDIT></PACKAGE_LED_CREDIT>
          <INH_DEBIT>0</INH_DEBIT>
          <INH_CREDIT>0</INH_CREDIT>
          <NON_REVENUE_AMT>0</NON_REVENUE_AMT>
          <TODAYS_ACCRUALS>1784540</TODAYS_ACCRUALS>
          <DEPOSIT_AT_CHECKIN></DEPOSIT_AT_CHECKIN>
          <PACKAGE_LED_TAX>0</PACKAGE_LED_TAX>
          <DEP_TAX_LED_DEBIT>0</DEP_TAX_LED_DEBIT>
          <OWNER_LED_DEBIT>0</OWNER_LED_DEBIT>
          <OWNER_LED_CREDIT></OWNER_LED_CREDIT>
          <DEP_LED_DEBIT_PL_CZ>0</DEP_LED_DEBIT_PL_CZ>
          <LIST_G_CURRENCY_DETAILS>
          </LIST_G_CURRENCY_DETAILS>
          <CS_CURRENCY_COUNT>0</CS_CURRENCY_COUNT>
        </G_TRX_CODE>
        <G_TRX_CODE>
          <TRX_CODE_SORT>        1004        </TRX_CODE_SORT>
          <TRX_CODE>1004</TRX_CODE>
          <DESCRIPTION>No Show</DESCRIPTION>
          <TB_AMOUNT>205454</TB_AMOUNT>
          <TRX_DATE>23-NOV-23</TRX_DATE>
          <NET_AMOUNT>205454</NET_AMOUNT>
          <GUEST_LED_DEBIT>205454</GUEST_LED_DEBIT>
          <GUEST_LED_CREDIT></GUEST_LED_CREDIT>
          <AR_LED_DEBIT>0</AR_LED_DEBIT>
          <AR_LED_CREDIT></AR_LED_CREDIT>
          <DEP_LED_DEBIT>0</DEP_LED_DEBIT>
          <DEP_LED_CREDIT></DEP_LED_CREDIT>
          <PACKAGE_LED_DEBIT></PACKAGE_LED_DEBIT>
          <PACKAGE_LED_CREDIT></PACKAGE_LED_CREDIT>
          <INH_DEBIT>0</INH_DEBIT>
          <INH_CREDIT>0</INH_CREDIT>
          <NON_REVENUE_AMT>0</NON_REVENUE_AMT>
          <TODAYS_ACCRUALS>0</TODAYS_ACCRUALS>
          <DEPOSIT_AT_CHECKIN></DEPOSIT_AT_CHECKIN>
          <PACKAGE_LED_TAX>0</PACKAGE_LED_TAX>
          <DEP_TAX_LED_DEBIT>0</DEP_TAX_LED_DEBIT>
          <OWNER_LED_DEBIT>0</OWNER_LED_DEBIT>
          <OWNER_LED_CREDIT></OWNER_LED_CREDIT>
          <DEP_LED_DEBIT_PL_CZ>0</DEP_LED_DEBIT_PL_CZ>
          <LIST_G_CURRENCY_DETAILS>
          </LIST_G_CURRENCY_DETAILS>
          <CS_CURRENCY_COUNT>0</CS_CURRENCY_COUNT>
        </G_TRX_CODE>
        <G_TRX_CODE>
          <TRX_CODE_SORT>        2006        </TRX_CODE_SORT>
          <TRX_CODE>2006</TRX_CODE>
          <DESCRIPTION>Taste Breakfast Package</DESCRIPTION>
          <TB_AMOUNT>705000</TB_AMOUNT>
          <TRX_DATE>23-NOV-23</TRX_DATE>
          <NET_AMOUNT>705000</NET_AMOUNT>
          <GUEST_LED_DEBIT>420000</GUEST_LED_DEBIT>
          <GUEST_LED_CREDIT></GUEST_LED_CREDIT>
          <AR_LED_DEBIT>0</AR_LED_DEBIT>
          <AR_LED_CREDIT></AR_LED_CREDIT>
          <DEP_LED_DEBIT>0</DEP_LED_DEBIT>
          <DEP_LED_CREDIT></DEP_LED_CREDIT>
          <PACKAGE_LED_DEBIT>285000</PACKAGE_LED_DEBIT>
          <PACKAGE_LED_CREDIT></PACKAGE_LED_CREDIT>
          <INH_DEBIT>0</INH_DEBIT>
          <INH_CREDIT>0</INH_CREDIT>
          <NON_REVENUE_AMT>0</NON_REVENUE_AMT>
          <TODAYS_ACCRUALS>285000</TODAYS_ACCRUALS>
          <DEPOSIT_AT_CHECKIN></DEPOSIT_AT_CHECKIN>
          <PACKAGE_LED_TAX>0</PACKAGE_LED_TAX>
          <DEP_TAX_LED_DEBIT>0</DEP_TAX_LED_DEBIT>
          <OWNER_LED_DEBIT>0</OWNER_LED_DEBIT>
          <OWNER_LED_CREDIT></OWNER_LED_CREDIT>
          <DEP_LED_DEBIT_PL_CZ>0</DEP_LED_DEBIT_PL_CZ>
          <LIST_G_CURRENCY_DETAILS>
          </LIST_G_CURRENCY_DETAILS>
          <CS_CURRENCY_COUNT>0</CS_CURRENCY_COUNT>
        </G_TRX_CODE>
        <G_TRX_CODE>
          <TRX_CODE_SORT>        3502        </TRX_CODE_SORT>
          <TRX_CODE>3502</TRX_CODE>
          <DESCRIPTION>BQT Miscellaneous</DESCRIPTION>
          <TB_AMOUNT>1045454</TB_AMOUNT>
          <TRX_DATE>23-NOV-23</TRX_DATE>
          <NET_AMOUNT>1045454</NET_AMOUNT>
          <GUEST_LED_DEBIT>1045454</GUEST_LED_DEBIT>
          <GUEST_LED_CREDIT></GUEST_LED_CREDIT>
          <AR_LED_DEBIT>0</AR_LED_DEBIT>
          <AR_LED_CREDIT></AR_LED_CREDIT>
          <DEP_LED_DEBIT>0</DEP_LED_DEBIT>
          <DEP_LED_CREDIT></DEP_LED_CREDIT>
          <PACKAGE_LED_DEBIT></PACKAGE_LED_DEBIT>
          <PACKAGE_LED_CREDIT></PACKAGE_LED_CREDIT>
          <INH_DEBIT>0</INH_DEBIT>
          <INH_CREDIT>0</INH_CREDIT>
          <NON_REVENUE_AMT>0</NON_REVENUE_AMT>
          <TODAYS_ACCRUALS>0</TODAYS_ACCRUALS>
          <DEPOSIT_AT_CHECKIN></DEPOSIT_AT_CHECKIN>
          <PACKAGE_LED_TAX>0</PACKAGE_LED_TAX>
          <DEP_TAX_LED_DEBIT>0</DEP_TAX_LED_DEBIT>
          <OWNER_LED_DEBIT>0</OWNER_LED_DEBIT>
          <OWNER_LED_CREDIT></OWNER_LED_CREDIT>
          <DEP_LED_DEBIT_PL_CZ>0</DEP_LED_DEBIT_PL_CZ>
          <LIST_G_CURRENCY_DETAILS>
          </LIST_G_CURRENCY_DETAILS>
          <CS_CURRENCY_COUNT>0</CS_CURRENCY_COUNT>
        </G_TRX_CODE>
      </LIST_G_TRX_CODE>
      <CS_TB_AMOUNT_TYPE>11089618</CS_TB_AMOUNT_TYPE>
    </G_TRX_TYPE>
    <G_TRX_TYPE>
      <TRX_TYPE_SORT>3</TRX_TYPE_SORT>
      <TRX_TYPE>NON REVENUE</TRX_TYPE>
      <TRX_TYPE_DESCRIPTION>Non Revenue</TRX_TYPE_DESCRIPTION>
      <IS_TB_TRX_TYPE_01>1</IS_TB_TRX_TYPE_01>
      <LIST_G_TRX_CODE>
        <G_TRX_CODE>
          <TRX_CODE_SORT>        7501        </TRX_CODE_SORT>
          <TRX_CODE>7501</TRX_CODE>
          <DESCRIPTION>Acomdomation VAT</DESCRIPTION>
          <TB_AMOUNT>933924</TB_AMOUNT>
          <TRX_DATE>23-NOV-23</TRX_DATE>
          <NET_AMOUNT>933924</NET_AMOUNT>
          <GUEST_LED_DEBIT>933924</GUEST_LED_DEBIT>
          <GUEST_LED_CREDIT></GUEST_LED_CREDIT>
          <AR_LED_DEBIT>0</AR_LED_DEBIT>
          <AR_LED_CREDIT></AR_LED_CREDIT>
          <DEP_LED_DEBIT>0</DEP_LED_DEBIT>
          <DEP_LED_CREDIT></DEP_LED_CREDIT>
          <PACKAGE_LED_DEBIT></PACKAGE_LED_DEBIT>
          <PACKAGE_LED_CREDIT></PACKAGE_LED_CREDIT>
          <INH_DEBIT>0</INH_DEBIT>
          <INH_CREDIT>0</INH_CREDIT>
          <NON_REVENUE_AMT>933924</NON_REVENUE_AMT>
          <TODAYS_ACCRUALS>0</TODAYS_ACCRUALS>
          <DEPOSIT_AT_CHECKIN></DEPOSIT_AT_CHECKIN>
          <PACKAGE_LED_TAX></PACKAGE_LED_TAX>
          <DEP_TAX_LED_DEBIT>0</DEP_TAX_LED_DEBIT>
          <OWNER_LED_DEBIT>0</OWNER_LED_DEBIT>
          <OWNER_LED_CREDIT></OWNER_LED_CREDIT>
          <DEP_LED_DEBIT_PL_CZ>0</DEP_LED_DEBIT_PL_CZ>
          <LIST_G_CURRENCY_DETAILS>
          </LIST_G_CURRENCY_DETAILS>
          <CS_CURRENCY_COUNT>0</CS_CURRENCY_COUNT>
        </G_TRX_CODE>
        <G_TRX_CODE>
          <TRX_CODE_SORT>        7504        </TRX_CODE_SORT>
          <TRX_CODE>7504</TRX_CODE>
          <DESCRIPTION>Taste Tax</DESCRIPTION>
          <TB_AMOUNT>70500</TB_AMOUNT>
          <TRX_DATE>23-NOV-23</TRX_DATE>
          <NET_AMOUNT>70500</NET_AMOUNT>
          <GUEST_LED_DEBIT>70500</GUEST_LED_DEBIT>
          <GUEST_LED_CREDIT></GUEST_LED_CREDIT>
          <AR_LED_DEBIT>0</AR_LED_DEBIT>
          <AR_LED_CREDIT></AR_LED_CREDIT>
          <DEP_LED_DEBIT>0</DEP_LED_DEBIT>
          <DEP_LED_CREDIT></DEP_LED_CREDIT>
          <PACKAGE_LED_DEBIT></PACKAGE_LED_DEBIT>
          <PACKAGE_LED_CREDIT></PACKAGE_LED_CREDIT>
          <INH_DEBIT>0</INH_DEBIT>
          <INH_CREDIT>0</INH_CREDIT>
          <NON_REVENUE_AMT>70500</NON_REVENUE_AMT>
          <TODAYS_ACCRUALS>0</TODAYS_ACCRUALS>
          <DEPOSIT_AT_CHECKIN></DEPOSIT_AT_CHECKIN>
          <PACKAGE_LED_TAX></PACKAGE_LED_TAX>
          <DEP_TAX_LED_DEBIT>0</DEP_TAX_LED_DEBIT>
          <OWNER_LED_DEBIT>0</OWNER_LED_DEBIT>
          <OWNER_LED_CREDIT></OWNER_LED_CREDIT>
          <DEP_LED_DEBIT_PL_CZ>0</DEP_LED_DEBIT_PL_CZ>
          <LIST_G_CURRENCY_DETAILS>
          </LIST_G_CURRENCY_DETAILS>
          <CS_CURRENCY_COUNT>0</CS_CURRENCY_COUNT>
        </G_TRX_CODE>
        <G_TRX_CODE>
          <TRX_CODE_SORT>        7564        </TRX_CODE_SORT>
          <TRX_CODE>7564</TRX_CODE>
          <DESCRIPTION>BQ Tax</DESCRIPTION>
          <TB_AMOUNT>104545</TB_AMOUNT>
          <TRX_DATE>23-NOV-23</TRX_DATE>
          <NET_AMOUNT>104545</NET_AMOUNT>
          <GUEST_LED_DEBIT>104545</GUEST_LED_DEBIT>
          <GUEST_LED_CREDIT></GUEST_LED_CREDIT>
          <AR_LED_DEBIT>0</AR_LED_DEBIT>
          <AR_LED_CREDIT></AR_LED_CREDIT>
          <DEP_LED_DEBIT>0</DEP_LED_DEBIT>
          <DEP_LED_CREDIT></DEP_LED_CREDIT>
          <PACKAGE_LED_DEBIT></PACKAGE_LED_DEBIT>
          <PACKAGE_LED_CREDIT></PACKAGE_LED_CREDIT>
          <INH_DEBIT>0</INH_DEBIT>
          <INH_CREDIT>0</INH_CREDIT>
          <NON_REVENUE_AMT>104545</NON_REVENUE_AMT>
          <TODAYS_ACCRUALS>0</TODAYS_ACCRUALS>
          <DEPOSIT_AT_CHECKIN></DEPOSIT_AT_CHECKIN>
          <PACKAGE_LED_TAX></PACKAGE_LED_TAX>
          <DEP_TAX_LED_DEBIT>0</DEP_TAX_LED_DEBIT>
          <OWNER_LED_DEBIT>0</OWNER_LED_DEBIT>
          <OWNER_LED_CREDIT></OWNER_LED_CREDIT>
          <DEP_LED_DEBIT_PL_CZ>0</DEP_LED_DEBIT_PL_CZ>
          <LIST_G_CURRENCY_DETAILS>
          </LIST_G_CURRENCY_DETAILS>
          <CS_CURRENCY_COUNT>0</CS_CURRENCY_COUNT>
        </G_TRX_CODE>
        <G_TRX_CODE>
          <TRX_CODE_SORT>        9945        </TRX_CODE_SORT>
          <TRX_CODE>9945</TRX_CODE>
          <DESCRIPTION>Credit Card Consolidation</DESCRIPTION>
          <TB_AMOUNT>0</TB_AMOUNT>
          <TRX_DATE>23-NOV-23</TRX_DATE>
          <NET_AMOUNT>0</NET_AMOUNT>
          <GUEST_LED_DEBIT>0</GUEST_LED_DEBIT>
          <GUEST_LED_CREDIT>0</GUEST_LED_CREDIT>
          <AR_LED_DEBIT>0</AR_LED_DEBIT>
          <AR_LED_CREDIT></AR_LED_CREDIT>
          <DEP_LED_DEBIT>0</DEP_LED_DEBIT>
          <DEP_LED_CREDIT></DEP_LED_CREDIT>
          <PACKAGE_LED_DEBIT></PACKAGE_LED_DEBIT>
          <PACKAGE_LED_CREDIT></PACKAGE_LED_CREDIT>
          <INH_DEBIT>0</INH_DEBIT>
          <INH_CREDIT>0</INH_CREDIT>
          <NON_REVENUE_AMT>5629502</NON_REVENUE_AMT>
          <TODAYS_ACCRUALS>0</TODAYS_ACCRUALS>
          <DEPOSIT_AT_CHECKIN></DEPOSIT_AT_CHECKIN>
          <PACKAGE_LED_TAX>0</PACKAGE_LED_TAX>
          <DEP_TAX_LED_DEBIT>0</DEP_TAX_LED_DEBIT>
          <OWNER_LED_DEBIT>0</OWNER_LED_DEBIT>
          <OWNER_LED_CREDIT></OWNER_LED_CREDIT>
          <DEP_LED_DEBIT_PL_CZ>0</DEP_LED_DEBIT_PL_CZ>
          <LIST_G_CURRENCY_DETAILS>
          </LIST_G_CURRENCY_DETAILS>
          <CS_CURRENCY_COUNT>0</CS_CURRENCY_COUNT>
        </G_TRX_CODE>
      </LIST_G_TRX_CODE>
      <CS_TB_AMOUNT_TYPE>1108969</CS_TB_AMOUNT_TYPE>
    </G_TRX_TYPE>
    <G_TRX_TYPE>
      <TRX_TYPE_SORT>4</TRX_TYPE_SORT>
      <TRX_TYPE>PAYMENT</TRX_TYPE>
      <TRX_TYPE_DESCRIPTION>Payment</TRX_TYPE_DESCRIPTION>
      <IS_TB_TRX_TYPE_01>1</IS_TB_TRX_TYPE_01>
      <LIST_G_TRX_CODE>
        <G_TRX_CODE>
          <TRX_CODE_SORT>        9000        </TRX_CODE_SORT>
          <TRX_CODE>9000</TRX_CODE>
          <DESCRIPTION>Cash</DESCRIPTION>
          <TB_AMOUNT>2</TB_AMOUNT>
          <TRX_DATE>23-NOV-23</TRX_DATE>
          <NET_AMOUNT>0</NET_AMOUNT>
          <GUEST_LED_DEBIT></GUEST_LED_DEBIT>
          <GUEST_LED_CREDIT>2</GUEST_LED_CREDIT>
          <AR_LED_DEBIT>0</AR_LED_DEBIT>
          <AR_LED_CREDIT></AR_LED_CREDIT>
          <DEP_LED_DEBIT></DEP_LED_DEBIT>
          <DEP_LED_CREDIT></DEP_LED_CREDIT>
          <PACKAGE_LED_DEBIT></PACKAGE_LED_DEBIT>
          <PACKAGE_LED_CREDIT></PACKAGE_LED_CREDIT>
          <INH_DEBIT>0</INH_DEBIT>
          <INH_CREDIT>0</INH_CREDIT>
          <NON_REVENUE_AMT>-2</NON_REVENUE_AMT>
          <TODAYS_ACCRUALS>0</TODAYS_ACCRUALS>
          <DEPOSIT_AT_CHECKIN></DEPOSIT_AT_CHECKIN>
          <PACKAGE_LED_TAX>0</PACKAGE_LED_TAX>
          <DEP_TAX_LED_DEBIT>0</DEP_TAX_LED_DEBIT>
          <OWNER_LED_DEBIT>0</OWNER_LED_DEBIT>
          <OWNER_LED_CREDIT></OWNER_LED_CREDIT>
          <DEP_LED_DEBIT_PL_CZ>0</DEP_LED_DEBIT_PL_CZ>
          <LIST_G_CURRENCY_DETAILS>
          </LIST_G_CURRENCY_DETAILS>
          <CS_CURRENCY_COUNT>0</CS_CURRENCY_COUNT>
        </G_TRX_CODE>
        <G_TRX_CODE>
          <TRX_CODE_SORT>        9003        </TRX_CODE_SORT>
          <TRX_CODE>9003</TRX_CODE>
          <DESCRIPTION>City Ledger</DESCRIPTION>
          <TB_AMOUNT>-337252</TB_AMOUNT>
          <TRX_DATE>23-NOV-23</TRX_DATE>
          <NET_AMOUNT>0</NET_AMOUNT>
          <GUEST_LED_DEBIT>0</GUEST_LED_DEBIT>
          <GUEST_LED_CREDIT>-337252</GUEST_LED_CREDIT>
          <AR_LED_DEBIT>337252</AR_LED_DEBIT>
          <AR_LED_CREDIT></AR_LED_CREDIT>
          <DEP_LED_DEBIT></DEP_LED_DEBIT>
          <DEP_LED_CREDIT></DEP_LED_CREDIT>
          <PACKAGE_LED_DEBIT></PACKAGE_LED_DEBIT>
          <PACKAGE_LED_CREDIT></PACKAGE_LED_CREDIT>
          <INH_DEBIT>0</INH_DEBIT>
          <INH_CREDIT>0</INH_CREDIT>
          <NON_REVENUE_AMT>0</NON_REVENUE_AMT>
          <TODAYS_ACCRUALS>0</TODAYS_ACCRUALS>
          <DEPOSIT_AT_CHECKIN></DEPOSIT_AT_CHECKIN>
          <PACKAGE_LED_TAX>0</PACKAGE_LED_TAX>
          <DEP_TAX_LED_DEBIT>0</DEP_TAX_LED_DEBIT>
          <OWNER_LED_DEBIT>0</OWNER_LED_DEBIT>
          <OWNER_LED_CREDIT></OWNER_LED_CREDIT>
          <DEP_LED_DEBIT_PL_CZ>0</DEP_LED_DEBIT_PL_CZ>
          <LIST_G_CURRENCY_DETAILS>
          </LIST_G_CURRENCY_DETAILS>
          <CS_CURRENCY_COUNT>0</CS_CURRENCY_COUNT>
        </G_TRX_CODE>
        <G_TRX_CODE>
          <TRX_CODE_SORT>        9101        </TRX_CODE_SORT>
          <TRX_CODE>9101</TRX_CODE>
          <DESCRIPTION>Visa Card Manual</DESCRIPTION>
          <TB_AMOUNT>-1011048</TB_AMOUNT>
          <TRX_DATE>23-NOV-23</TRX_DATE>
          <NET_AMOUNT>0</NET_AMOUNT>
          <GUEST_LED_DEBIT></GUEST_LED_DEBIT>
          <GUEST_LED_CREDIT>-1011048</GUEST_LED_CREDIT>
          <AR_LED_DEBIT>1011048</AR_LED_DEBIT>
          <AR_LED_CREDIT></AR_LED_CREDIT>
          <DEP_LED_DEBIT></DEP_LED_DEBIT>
          <DEP_LED_CREDIT></DEP_LED_CREDIT>
          <PACKAGE_LED_DEBIT></PACKAGE_LED_DEBIT>
          <PACKAGE_LED_CREDIT></PACKAGE_LED_CREDIT>
          <INH_DEBIT>0</INH_DEBIT>
          <INH_CREDIT>0</INH_CREDIT>
          <NON_REVENUE_AMT>1011048</NON_REVENUE_AMT>
          <TODAYS_ACCRUALS>0</TODAYS_ACCRUALS>
          <DEPOSIT_AT_CHECKIN></DEPOSIT_AT_CHECKIN>
          <PACKAGE_LED_TAX>0</PACKAGE_LED_TAX>
          <DEP_TAX_LED_DEBIT>0</DEP_TAX_LED_DEBIT>
          <OWNER_LED_DEBIT>0</OWNER_LED_DEBIT>
          <OWNER_LED_CREDIT></OWNER_LED_CREDIT>
          <DEP_LED_DEBIT_PL_CZ>0</DEP_LED_DEBIT_PL_CZ>
          <LIST_G_CURRENCY_DETAILS>
          </LIST_G_CURRENCY_DETAILS>
          <CS_CURRENCY_COUNT>0</CS_CURRENCY_COUNT>
        </G_TRX_CODE>
        <G_TRX_CODE>
          <TRX_CODE_SORT>        9105        </TRX_CODE_SORT>
          <TRX_CODE>9105</TRX_CODE>
          <DESCRIPTION>Master Card Manual</DESCRIPTION>
          <TB_AMOUNT>-1946428</TB_AMOUNT>
          <TRX_DATE>23-NOV-23</TRX_DATE>
          <NET_AMOUNT>0</NET_AMOUNT>
          <GUEST_LED_DEBIT></GUEST_LED_DEBIT>
          <GUEST_LED_CREDIT>-1946428</GUEST_LED_CREDIT>
          <AR_LED_DEBIT>1946428</AR_LED_DEBIT>
          <AR_LED_CREDIT></AR_LED_CREDIT>
          <DEP_LED_DEBIT></DEP_LED_DEBIT>
          <DEP_LED_CREDIT></DEP_LED_CREDIT>
          <PACKAGE_LED_DEBIT></PACKAGE_LED_DEBIT>
          <PACKAGE_LED_CREDIT></PACKAGE_LED_CREDIT>
          <INH_DEBIT>0</INH_DEBIT>
          <INH_CREDIT>0</INH_CREDIT>
          <NON_REVENUE_AMT>1946428</NON_REVENUE_AMT>
          <TODAYS_ACCRUALS>0</TODAYS_ACCRUALS>
          <DEPOSIT_AT_CHECKIN></DEPOSIT_AT_CHECKIN>
          <PACKAGE_LED_TAX>0</PACKAGE_LED_TAX>
          <DEP_TAX_LED_DEBIT>0</DEP_TAX_LED_DEBIT>
          <OWNER_LED_DEBIT>0</OWNER_LED_DEBIT>
          <OWNER_LED_CREDIT></OWNER_LED_CREDIT>
          <DEP_LED_DEBIT_PL_CZ>0</DEP_LED_DEBIT_PL_CZ>
          <LIST_G_CURRENCY_DETAILS>
          </LIST_G_CURRENCY_DETAILS>
          <CS_CURRENCY_COUNT>0</CS_CURRENCY_COUNT>
        </G_TRX_CODE>
        <G_TRX_CODE>
          <TRX_CODE_SORT>        9109        </TRX_CODE_SORT>
          <TRX_CODE>9109</TRX_CODE>
          <DESCRIPTION>JCB Card Manual</DESCRIPTION>
          <TB_AMOUNT>-162012</TB_AMOUNT>
          <TRX_DATE>23-NOV-23</TRX_DATE>
          <NET_AMOUNT>0</NET_AMOUNT>
          <GUEST_LED_DEBIT></GUEST_LED_DEBIT>
          <GUEST_LED_CREDIT>-162012</GUEST_LED_CREDIT>
          <AR_LED_DEBIT>162012</AR_LED_DEBIT>
          <AR_LED_CREDIT></AR_LED_CREDIT>
          <DEP_LED_DEBIT></DEP_LED_DEBIT>
          <DEP_LED_CREDIT></DEP_LED_CREDIT>
          <PACKAGE_LED_DEBIT></PACKAGE_LED_DEBIT>
          <PACKAGE_LED_CREDIT></PACKAGE_LED_CREDIT>
          <INH_DEBIT>0</INH_DEBIT>
          <INH_CREDIT>0</INH_CREDIT>
          <NON_REVENUE_AMT>162012</NON_REVENUE_AMT>
          <TODAYS_ACCRUALS>0</TODAYS_ACCRUALS>
          <DEPOSIT_AT_CHECKIN></DEPOSIT_AT_CHECKIN>
          <PACKAGE_LED_TAX>0</PACKAGE_LED_TAX>
          <DEP_TAX_LED_DEBIT>0</DEP_TAX_LED_DEBIT>
          <OWNER_LED_DEBIT>0</OWNER_LED_DEBIT>
          <OWNER_LED_CREDIT></OWNER_LED_CREDIT>
          <DEP_LED_DEBIT_PL_CZ>0</DEP_LED_DEBIT_PL_CZ>
          <LIST_G_CURRENCY_DETAILS>
          </LIST_G_CURRENCY_DETAILS>
          <CS_CURRENCY_COUNT>0</CS_CURRENCY_COUNT>
        </G_TRX_CODE>
        <G_TRX_CODE>
          <TRX_CODE_SORT>        9123        </TRX_CODE_SORT>
          <TRX_CODE>9123</TRX_CODE>
          <DESCRIPTION>KEB Hana Card Manual</DESCRIPTION>
          <TB_AMOUNT>-283800</TB_AMOUNT>
          <TRX_DATE>23-NOV-23</TRX_DATE>
          <NET_AMOUNT>0</NET_AMOUNT>
          <GUEST_LED_DEBIT></GUEST_LED_DEBIT>
          <GUEST_LED_CREDIT>-283800</GUEST_LED_CREDIT>
          <AR_LED_DEBIT>283800</AR_LED_DEBIT>
          <AR_LED_CREDIT></AR_LED_CREDIT>
          <DEP_LED_DEBIT></DEP_LED_DEBIT>
          <DEP_LED_CREDIT></DEP_LED_CREDIT>
          <PACKAGE_LED_DEBIT></PACKAGE_LED_DEBIT>
          <PACKAGE_LED_CREDIT></PACKAGE_LED_CREDIT>
          <INH_DEBIT>0</INH_DEBIT>
          <INH_CREDIT>0</INH_CREDIT>
          <NON_REVENUE_AMT>283800</NON_REVENUE_AMT>
          <TODAYS_ACCRUALS>0</TODAYS_ACCRUALS>
          <DEPOSIT_AT_CHECKIN></DEPOSIT_AT_CHECKIN>
          <PACKAGE_LED_TAX>0</PACKAGE_LED_TAX>
          <DEP_TAX_LED_DEBIT>0</DEP_TAX_LED_DEBIT>
          <OWNER_LED_DEBIT>0</OWNER_LED_DEBIT>
          <OWNER_LED_CREDIT></OWNER_LED_CREDIT>
          <DEP_LED_DEBIT_PL_CZ>0</DEP_LED_DEBIT_PL_CZ>
          <LIST_G_CURRENCY_DETAILS>
          </LIST_G_CURRENCY_DETAILS>
          <CS_CURRENCY_COUNT>0</CS_CURRENCY_COUNT>
        </G_TRX_CODE>
        <G_TRX_CODE>
          <TRX_CODE_SORT>        9125        </TRX_CODE_SORT>
          <TRX_CODE>9125</TRX_CODE>
          <DESCRIPTION>Samsung Card Manual</DESCRIPTION>
          <TB_AMOUNT>-264900</TB_AMOUNT>
          <TRX_DATE>23-NOV-23</TRX_DATE>
          <NET_AMOUNT>0</NET_AMOUNT>
          <GUEST_LED_DEBIT></GUEST_LED_DEBIT>
          <GUEST_LED_CREDIT>-264900</GUEST_LED_CREDIT>
          <AR_LED_DEBIT>264900</AR_LED_DEBIT>
          <AR_LED_CREDIT></AR_LED_CREDIT>
          <DEP_LED_DEBIT></DEP_LED_DEBIT>
          <DEP_LED_CREDIT></DEP_LED_CREDIT>
          <PACKAGE_LED_DEBIT></PACKAGE_LED_DEBIT>
          <PACKAGE_LED_CREDIT></PACKAGE_LED_CREDIT>
          <INH_DEBIT>0</INH_DEBIT>
          <INH_CREDIT>0</INH_CREDIT>
          <NON_REVENUE_AMT>264900</NON_REVENUE_AMT>
          <TODAYS_ACCRUALS>0</TODAYS_ACCRUALS>
          <DEPOSIT_AT_CHECKIN></DEPOSIT_AT_CHECKIN>
          <PACKAGE_LED_TAX>0</PACKAGE_LED_TAX>
          <DEP_TAX_LED_DEBIT>0</DEP_TAX_LED_DEBIT>
          <OWNER_LED_DEBIT>0</OWNER_LED_DEBIT>
          <OWNER_LED_CREDIT></OWNER_LED_CREDIT>
          <DEP_LED_DEBIT_PL_CZ>0</DEP_LED_DEBIT_PL_CZ>
          <LIST_G_CURRENCY_DETAILS>
          </LIST_G_CURRENCY_DETAILS>
          <CS_CURRENCY_COUNT>0</CS_CURRENCY_COUNT>
        </G_TRX_CODE>
        <G_TRX_CODE>
          <TRX_CODE_SORT>        9129        </TRX_CODE_SORT>
          <TRX_CODE>9129</TRX_CODE>
          <DESCRIPTION>BC Card Manual</DESCRIPTION>
          <TB_AMOUNT>-1570000</TB_AMOUNT>
          <TRX_DATE>23-NOV-23</TRX_DATE>
          <NET_AMOUNT>0</NET_AMOUNT>
          <GUEST_LED_DEBIT></GUEST_LED_DEBIT>
          <GUEST_LED_CREDIT>-1570000</GUEST_LED_CREDIT>
          <AR_LED_DEBIT>1570000</AR_LED_DEBIT>
          <AR_LED_CREDIT></AR_LED_CREDIT>
          <DEP_LED_DEBIT></DEP_LED_DEBIT>
          <DEP_LED_CREDIT></DEP_LED_CREDIT>
          <PACKAGE_LED_DEBIT></PACKAGE_LED_DEBIT>
          <PACKAGE_LED_CREDIT></PACKAGE_LED_CREDIT>
          <INH_DEBIT>0</INH_DEBIT>
          <INH_CREDIT>0</INH_CREDIT>
          <NON_REVENUE_AMT>1570000</NON_REVENUE_AMT>
          <TODAYS_ACCRUALS>0</TODAYS_ACCRUALS>
          <DEPOSIT_AT_CHECKIN></DEPOSIT_AT_CHECKIN>
          <PACKAGE_LED_TAX>0</PACKAGE_LED_TAX>
          <DEP_TAX_LED_DEBIT>0</DEP_TAX_LED_DEBIT>
          <OWNER_LED_DEBIT>0</OWNER_LED_DEBIT>
          <OWNER_LED_CREDIT></OWNER_LED_CREDIT>
          <DEP_LED_DEBIT_PL_CZ>0</DEP_LED_DEBIT_PL_CZ>
          <LIST_G_CURRENCY_DETAILS>
          </LIST_G_CURRENCY_DETAILS>
          <CS_CURRENCY_COUNT>0</CS_CURRENCY_COUNT>
        </G_TRX_CODE>
        <G_TRX_CODE>
          <TRX_CODE_SORT>        9131        </TRX_CODE_SORT>
          <TRX_CODE>9131</TRX_CODE>
          <DESCRIPTION>KB Card Manual</DESCRIPTION>
          <TB_AMOUNT>-153330</TB_AMOUNT>
          <TRX_DATE>23-NOV-23</TRX_DATE>
          <NET_AMOUNT>0</NET_AMOUNT>
          <GUEST_LED_DEBIT></GUEST_LED_DEBIT>
          <GUEST_LED_CREDIT>-153330</GUEST_LED_CREDIT>
          <AR_LED_DEBIT>153330</AR_LED_DEBIT>
          <AR_LED_CREDIT></AR_LED_CREDIT>
          <DEP_LED_DEBIT></DEP_LED_DEBIT>
          <DEP_LED_CREDIT></DEP_LED_CREDIT>
          <PACKAGE_LED_DEBIT></PACKAGE_LED_DEBIT>
          <PACKAGE_LED_CREDIT></PACKAGE_LED_CREDIT>
          <INH_DEBIT>0</INH_DEBIT>
          <INH_CREDIT>0</INH_CREDIT>
          <NON_REVENUE_AMT>153330</NON_REVENUE_AMT>
          <TODAYS_ACCRUALS>0</TODAYS_ACCRUALS>
          <DEPOSIT_AT_CHECKIN></DEPOSIT_AT_CHECKIN>
          <PACKAGE_LED_TAX>0</PACKAGE_LED_TAX>
          <DEP_TAX_LED_DEBIT>0</DEP_TAX_LED_DEBIT>
          <OWNER_LED_DEBIT>0</OWNER_LED_DEBIT>
          <OWNER_LED_CREDIT></OWNER_LED_CREDIT>
          <DEP_LED_DEBIT_PL_CZ>0</DEP_LED_DEBIT_PL_CZ>
          <LIST_G_CURRENCY_DETAILS>
          </LIST_G_CURRENCY_DETAILS>
          <CS_CURRENCY_COUNT>0</CS_CURRENCY_COUNT>
        </G_TRX_CODE>
        <G_TRX_CODE>
          <TRX_CODE_SORT>        9133        </TRX_CODE_SORT>
          <TRX_CODE>9133</TRX_CODE>
          <DESCRIPTION>Hyundai Card Manual</DESCRIPTION>
          <TB_AMOUNT>-163496</TB_AMOUNT>
          <TRX_DATE>23-NOV-23</TRX_DATE>
          <NET_AMOUNT>0</NET_AMOUNT>
          <GUEST_LED_DEBIT></GUEST_LED_DEBIT>
          <GUEST_LED_CREDIT>0</GUEST_LED_CREDIT>
          <AR_LED_DEBIT>163496</AR_LED_DEBIT>
          <AR_LED_CREDIT></AR_LED_CREDIT>
          <DEP_LED_DEBIT></DEP_LED_DEBIT>
          <DEP_LED_CREDIT>-163496</DEP_LED_CREDIT>
          <PACKAGE_LED_DEBIT></PACKAGE_LED_DEBIT>
          <PACKAGE_LED_CREDIT></PACKAGE_LED_CREDIT>
          <INH_DEBIT>0</INH_DEBIT>
          <INH_CREDIT>0</INH_CREDIT>
          <NON_REVENUE_AMT>163496</NON_REVENUE_AMT>
          <TODAYS_ACCRUALS>0</TODAYS_ACCRUALS>
          <DEPOSIT_AT_CHECKIN></DEPOSIT_AT_CHECKIN>
          <PACKAGE_LED_TAX>0</PACKAGE_LED_TAX>
          <DEP_TAX_LED_DEBIT>0</DEP_TAX_LED_DEBIT>
          <OWNER_LED_DEBIT>0</OWNER_LED_DEBIT>
          <OWNER_LED_CREDIT></OWNER_LED_CREDIT>
          <DEP_LED_DEBIT_PL_CZ>0</DEP_LED_DEBIT_PL_CZ>
          <LIST_G_CURRENCY_DETAILS>
          </LIST_G_CURRENCY_DETAILS>
          <CS_CURRENCY_COUNT>0</CS_CURRENCY_COUNT>
        </G_TRX_CODE>
        <G_TRX_CODE>
          <TRX_CODE_SORT>        9135        </TRX_CODE_SORT>
          <TRX_CODE>9135</TRX_CODE>
          <DESCRIPTION>NH Card Manual</DESCRIPTION>
          <TB_AMOUNT>-74488</TB_AMOUNT>
          <TRX_DATE>23-NOV-23</TRX_DATE>
          <NET_AMOUNT>0</NET_AMOUNT>
          <GUEST_LED_DEBIT></GUEST_LED_DEBIT>
          <GUEST_LED_CREDIT>-74488</GUEST_LED_CREDIT>
          <AR_LED_DEBIT>74488</AR_LED_DEBIT>
          <AR_LED_CREDIT></AR_LED_CREDIT>
          <DEP_LED_DEBIT></DEP_LED_DEBIT>
          <DEP_LED_CREDIT></DEP_LED_CREDIT>
          <PACKAGE_LED_DEBIT></PACKAGE_LED_DEBIT>
          <PACKAGE_LED_CREDIT></PACKAGE_LED_CREDIT>
          <INH_DEBIT>0</INH_DEBIT>
          <INH_CREDIT>0</INH_CREDIT>
          <NON_REVENUE_AMT>74488</NON_REVENUE_AMT>
          <TODAYS_ACCRUALS>0</TODAYS_ACCRUALS>
          <DEPOSIT_AT_CHECKIN></DEPOSIT_AT_CHECKIN>
          <PACKAGE_LED_TAX>0</PACKAGE_LED_TAX>
          <DEP_TAX_LED_DEBIT>0</DEP_TAX_LED_DEBIT>
          <OWNER_LED_DEBIT>0</OWNER_LED_DEBIT>
          <OWNER_LED_CREDIT></OWNER_LED_CREDIT>
          <DEP_LED_DEBIT_PL_CZ>0</DEP_LED_DEBIT_PL_CZ>
          <LIST_G_CURRENCY_DETAILS>
          </LIST_G_CURRENCY_DETAILS>
          <CS_CURRENCY_COUNT>0</CS_CURRENCY_COUNT>
        </G_TRX_CODE>
      </LIST_G_TRX_CODE>
      <CS_TB_AMOUNT_TYPE>-5966752</CS_TB_AMOUNT_TYPE>
    </G_TRX_TYPE>
    <G_TRX_TYPE>
      <TRX_TYPE_SORT>5</TRX_TYPE_SORT>
      <TRX_TYPE>INTERNAL</TRX_TYPE>
      <TRX_TYPE_DESCRIPTION>Internal</TRX_TYPE_DESCRIPTION>
      <IS_TB_TRX_TYPE_01>0</IS_TB_TRX_TYPE_01>
      <LIST_G_TRX_CODE>
        <G_TRX_CODE>
          <TRX_CODE_SORT>        9004        </TRX_CODE_SORT>
          <TRX_CODE>9004</TRX_CODE>
          <DESCRIPTION>Deposit Transfer at C/I</DESCRIPTION>
          <TB_AMOUNT>0</TB_AMOUNT>
          <TRX_DATE>23-NOV-23</TRX_DATE>
          <NET_AMOUNT>0</NET_AMOUNT>
          <GUEST_LED_DEBIT>0</GUEST_LED_DEBIT>
          <GUEST_LED_CREDIT>0</GUEST_LED_CREDIT>
          <AR_LED_DEBIT>0</AR_LED_DEBIT>
          <AR_LED_CREDIT></AR_LED_CREDIT>
          <DEP_LED_DEBIT>679519</DEP_LED_DEBIT>
          <DEP_LED_CREDIT></DEP_LED_CREDIT>
          <PACKAGE_LED_DEBIT></PACKAGE_LED_DEBIT>
          <PACKAGE_LED_CREDIT></PACKAGE_LED_CREDIT>
          <INH_DEBIT>0</INH_DEBIT>
          <INH_CREDIT>0</INH_CREDIT>
          <NON_REVENUE_AMT>679519</NON_REVENUE_AMT>
          <TODAYS_ACCRUALS>0</TODAYS_ACCRUALS>
          <DEPOSIT_AT_CHECKIN>679519</DEPOSIT_AT_CHECKIN>
          <PACKAGE_LED_TAX>0</PACKAGE_LED_TAX>
          <DEP_TAX_LED_DEBIT>0</DEP_TAX_LED_DEBIT>
          <OWNER_LED_DEBIT>0</OWNER_LED_DEBIT>
          <OWNER_LED_CREDIT></OWNER_LED_CREDIT>
          <DEP_LED_DEBIT_PL_CZ>0</DEP_LED_DEBIT_PL_CZ>
          <LIST_G_CURRENCY_DETAILS>
          </LIST_G_CURRENCY_DETAILS>
          <CS_CURRENCY_COUNT>0</CS_CURRENCY_COUNT>
        </G_TRX_CODE>
        <G_TRX_CODE>
          <TRX_CODE_SORT>        9999        </TRX_CODE_SORT>
          <TRX_CODE>9999</TRX_CODE>
          <DESCRIPTION>Package Wrapper</DESCRIPTION>
          <TB_AMOUNT>0</TB_AMOUNT>
          <TRX_DATE>23-NOV-23</TRX_DATE>
          <NET_AMOUNT>0</NET_AMOUNT>
          <GUEST_LED_DEBIT>2069540</GUEST_LED_DEBIT>
          <GUEST_LED_CREDIT></GUEST_LED_CREDIT>
          <AR_LED_DEBIT>0</AR_LED_DEBIT>
          <AR_LED_CREDIT></AR_LED_CREDIT>
          <DEP_LED_DEBIT></DEP_LED_DEBIT>
          <DEP_LED_CREDIT></DEP_LED_CREDIT>
          <PACKAGE_LED_DEBIT></PACKAGE_LED_DEBIT>
          <PACKAGE_LED_CREDIT>-2069540</PACKAGE_LED_CREDIT>
          <INH_DEBIT>0</INH_DEBIT>
          <INH_CREDIT>0</INH_CREDIT>
          <NON_REVENUE_AMT>4139080</NON_REVENUE_AMT>
          <TODAYS_ACCRUALS>-2069540</TODAYS_ACCRUALS>
          <DEPOSIT_AT_CHECKIN></DEPOSIT_AT_CHECKIN>
          <PACKAGE_LED_TAX>0</PACKAGE_LED_TAX>
          <DEP_TAX_LED_DEBIT>0</DEP_TAX_LED_DEBIT>
          <OWNER_LED_DEBIT>0</OWNER_LED_DEBIT>
          <OWNER_LED_CREDIT></OWNER_LED_CREDIT>
          <DEP_LED_DEBIT_PL_CZ>0</DEP_LED_DEBIT_PL_CZ>
          <LIST_G_CURRENCY_DETAILS>
          </LIST_G_CURRENCY_DETAILS>
          <CS_CURRENCY_COUNT>0</CS_CURRENCY_COUNT>
        </G_TRX_CODE>
      </LIST_G_TRX_CODE>
      <CS_TB_AMOUNT_TYPE>0</CS_TB_AMOUNT_TYPE>
    </G_TRX_TYPE>
  </LIST_G_TRX_TYPE>
  <LIST_G_CHK_BALANCE>
    <G_CHK_BALANCE>
      <CHK_BAL_CODE>CHK_BAL_GUEST_LEDGER</CHK_BAL_CODE>
      <CHK_BAL_VALUE>Guest Ledger is in balance</CHK_BAL_VALUE>
    </G_CHK_BALANCE>
    <G_CHK_BALANCE>
      <CHK_BAL_CODE>CHK_BAL_PACKAGE_LEDGER</CHK_BAL_CODE>
      <CHK_BAL_VALUE>Package Ledger is in balance</CHK_BAL_VALUE>
    </G_CHK_BALANCE>
    <G_CHK_BALANCE>
      <CHK_BAL_CODE>CHK_BAL_DEPOSIT_LEDGER</CHK_BAL_CODE>
      <CHK_BAL_VALUE>Deposit Ledger is in balance</CHK_BAL_VALUE>
    </G_CHK_BALANCE>
    <G_CHK_BALANCE>
      <CHK_BAL_CODE>CHK_BAL_AR_LEDGER</CHK_BAL_CODE>
      <CHK_BAL_VALUE>A/R Ledger is in balance</CHK_BAL_VALUE>
    </G_CHK_BALANCE>
    <G_CHK_BALANCE>
      <CHK_BAL_CODE>CHK_BAL_CASHIER_BALANCE</CHK_BAL_CODE>
      <CHK_BAL_VALUE>Cashiers are in balance</CHK_BAL_VALUE>
    </G_CHK_BALANCE>
    <G_CHK_BALANCE>
      <CHK_BAL_CODE>CHK_BAL_CO_WITH_BALANCE</CHK_BAL_CODE>
      <CHK_BAL_VALUE>There are no guests checked out with balance</CHK_BAL_VALUE>
    </G_CHK_BALANCE>
    <G_CHK_BALANCE>
      <CHK_BAL_CODE>CHK_BAL_INVALID_TRANSACTIONS</CHK_BAL_CODE>
      <CHK_BAL_VALUE>There are no invalid transactions</CHK_BAL_VALUE>
    </G_CHK_BALANCE>
    <G_CHK_BALANCE>
      <CHK_BAL_CODE>CHK_BAL_EFF_PACKAGE_LEDGER</CHK_BAL_CODE>
      <CHK_BAL_VALUE>Effective Package Ledger is in balance</CHK_BAL_VALUE>
    </G_CHK_BALANCE>
    <G_CHK_BALANCE>
      <CHK_BAL_CODE>CHK_BAL_CO_WITH_DEP_BALANCE</CHK_BAL_CODE>
      <CHK_BAL_VALUE>There are no guests checked out with deposit balance</CHK_BAL_VALUE>
    </G_CHK_BALANCE>
    <G_CHK_BALANCE>
      <CHK_BAL_CODE>CHK_BAL_DEP_LED_VS_GST_LED</CHK_BAL_CODE>
      <CHK_BAL_VALUE>There are no package ledger with guest ledger imbalances</CHK_BAL_VALUE>
    </G_CHK_BALANCE>
    <G_CHK_BALANCE>
      <CHK_BAL_CODE>CHK_BAL_TB_GUEST_LEDGER</CHK_BAL_CODE>
      <CHK_BAL_VALUE>No differences found in the guest ledger sections of the trial_balance report</CHK_BAL_VALUE>
    </G_CHK_BALANCE>
  </LIST_G_CHK_BALANCE>
  <CS_TB_AMOUNT_REP>6231835</CS_TB_AMOUNT_REP>
  <CS_GUEST_LED_DEBIT_REP>12198587</CS_GUEST_LED_DEBIT_REP>
  <CS_GUEST_LED_CREDIT_REP>-5803256</CS_GUEST_LED_CREDIT_REP>
  <CS_AR_LED_DEBIT_REP>5966754</CS_AR_LED_DEBIT_REP>
  <CS_AR_LED_CREDIT_REP>0</CS_AR_LED_CREDIT_REP>
  <CS_DEPOSIT_LED_DEBIT_REP>679519</CS_DEPOSIT_LED_DEBIT_REP>
  <CS_DEPOSIT_LED_CREDIT_REP>-163496</CS_DEPOSIT_LED_CREDIT_REP>
  <CS_PACKAGE_LED_DEBIT_REP>2069540</CS_PACKAGE_LED_DEBIT_REP>
  <CS_PACKAGE_LED_CREDIT_REP>-2069540</CS_PACKAGE_LED_CREDIT_REP>
  <CF_GUEST_LED_REP>17867105</CF_GUEST_LED_REP>
  <CF_AR_LED_REP>827255817</CF_AR_LED_REP>
  <CF_DEPOSIT_LED_REP>-40594151</CF_DEPOSIT_LED_REP>
  <CF_PACKAGE_LED_REP>0</CF_PACKAGE_LED_REP>
  <CP_GUEST_LED_DEBIT_YEST>2949275969</CP_GUEST_LED_DEBIT_YEST>
  <CP_GUEST_LED_CREDIT_YEST>-2937124676</CP_GUEST_LED_CREDIT_YEST>
  <CP_AR_LED_DEBIT_YEST>2947021601</CP_AR_LED_DEBIT_YEST>
  <CP_AR_LED_CREDIT_YEST>-2125732538</CP_AR_LED_CREDIT_YEST>
  <CP_DEPOSIT_LED_DEBIT_YEST>198797938</CP_DEPOSIT_LED_DEBIT_YEST>
  <CP_DEPOSIT_LED_CREDIT_YEST>-239908112</CP_DEPOSIT_LED_CREDIT_YEST>
  <CP_PACKAGE_LED_DEBIT_YEST>156797189</CP_PACKAGE_LED_DEBIT_YEST>
  <CP_PACKAGE_LED_CREDIT_YEST>-156797189</CP_PACKAGE_LED_CREDIT_YEST>
  <CP_TB_BALANCE_YEST>12151293</CP_TB_BALANCE_YEST>
  <CF_GUEST_LED_YEST>12151293</CF_GUEST_LED_YEST>
  <CF_CALC_PREVIOUS_BALANCE></CF_CALC_PREVIOUS_BALANCE>
  <CF_AR_LED_YEST>821289063</CF_AR_LED_YEST>
  <CF_DEPOSIT_LED_YEST>-41110174</CF_DEPOSIT_LED_YEST>
  <CF_PACKAGE_LED_YEST>0</CF_PACKAGE_LED_YEST>
  <CF_TB_BALANCE_TODAY>18383128</CF_TB_BALANCE_TODAY>
  <CP_INH_DEBIT_YEST>0</CP_INH_DEBIT_YEST>
  <CP_INH_CREDIT_YEST>0</CP_INH_CREDIT_YEST>
  <CF_INH_YEST>0</CF_INH_YEST>
  <CS_INH_DEBIT_REP>0</CS_INH_DEBIT_REP>
  <CS_INH_CREDIT_REP>0</CS_INH_CREDIT_REP>
  <CF_INH_REP>0</CF_INH_REP>
  <CF_FUTURE_ACCRUALS>0</CF_FUTURE_ACCRUALS>
  <CF_PACKAGE_LED_TODAY>0</CF_PACKAGE_LED_TODAY>
  <CP_PACKAGE_ACCRUALS>0</CP_PACKAGE_ACCRUALS>
  <CF_TBMSG>***Values shown above are preliminary figures of the daily revenues for the unclosed business date. Figures may change once the business date has been closed and the report is re-generated.</CF_TBMSG>
  <CS_ACCRUALS_TODAY>0</CS_ACCRUALS_TODAY>
  <CF_BALANCE_TODAY>17867105</CF_BALANCE_TODAY>
  <CS_DEPOSIT_AT_CHECKIN>679519</CS_DEPOSIT_AT_CHECKIN>
  <CF_BAL_CARRIED_FORWARD>17867105</CF_BAL_CARRIED_FORWARD>
  <CF_DEPOSIT_ACTIVITY_REP>516023</CF_DEPOSIT_ACTIVITY_REP>
  <CF_HOTEL_LEDGER_TODAY>804528771</CF_HOTEL_LEDGER_TODAY>
  <CP_PACKAGE_LED_TAX_YEST>0</CP_PACKAGE_LED_TAX_YEST>
  <CF_LOGO></CF_LOGO>
  <CS_DEPOSIT_TAX_LED_DEBIT_REP>0</CS_DEPOSIT_TAX_LED_DEBIT_REP>
  <CS_OWNER_LED_CREDIT_REP></CS_OWNER_LED_CREDIT_REP>
  <CS_OWNER_LED_DEBIT_REP>0</CS_OWNER_LED_DEBIT_REP>
  <CF_OWNER_LED_REP>0</CF_OWNER_LED_REP>
  <CP_OWNER_LED_DEBIT_YEST>0</CP_OWNER_LED_DEBIT_YEST>
  <CP_OWNER_LED_CREDIT_YEST>0</CP_OWNER_LED_CREDIT_YEST>
  <CF_OWNER_LED_YEST>0</CF_OWNER_LED_YEST>
  <CS_DEPOSIT_LED_ACTIVITY_REP>0</CS_DEPOSIT_LED_ACTIVITY_REP>
  <CP_DEP_LED_DEBIT_PL_CZ></CP_DEP_LED_DEBIT_PL_CZ>
</TRIAL_BALANCE>
