<?xml version="1.0" encoding="UTF-8"?>
<!-- Generated by Oracle Reports version 12.2.1.4.0 -->
<TRIAL_BALANCE>
  <LIST_G_TRX_TYPE>
    <G_TRX_TYPE>
      <TRX_TYPE_SORT>1</TRX_TYPE_SORT>
      <TRX_TYPE>REVENUE</TRX_TYPE>
      <TRX_TYPE_DESCRIPTION>Revenue</TRX_TYPE_DESCRIPTION>
      <IS_TB_TRX_TYPE_01>1</IS_TB_TRX_TYPE_01>
      <LIST_G_TRX_CODE>
        <G_TRX_CODE>
          <TRX_CODE_SORT>        1000        </TRX_CODE_SORT>
          <TRX_CODE>1000</TRX_CODE>
          <DESCRIPTION>Accommodation</DESCRIPTION>
          <TB_AMOUNT>5695093</TB_AMOUNT>
          <TRX_DATE>26-NOV-23</TRX_DATE>
          <NET_AMOUNT>5695093</NET_AMOUNT>
          <GUEST_LED_DEBIT>5243093</GUEST_LED_DEBIT>
          <GUEST_LED_CREDIT></GUEST_LED_CREDIT>
          <AR_LED_DEBIT>0</AR_LED_DEBIT>
          <AR_LED_CREDIT></AR_LED_CREDIT>
          <DEP_LED_DEBIT>0</DEP_LED_DEBIT>
          <DEP_LED_CREDIT></DEP_LED_CREDIT>
          <PACKAGE_LED_DEBIT>452000</PACKAGE_LED_DEBIT>
          <PACKAGE_LED_CREDIT></PACKAGE_LED_CREDIT>
          <INH_DEBIT>0</INH_DEBIT>
          <INH_CREDIT>0</INH_CREDIT>
          <NON_REVENUE_AMT>0</NON_REVENUE_AMT>
          <TODAYS_ACCRUALS>452000</TODAYS_ACCRUALS>
          <DEPOSIT_AT_CHECKIN></DEPOSIT_AT_CHECKIN>
          <PACKAGE_LED_TAX>0</PACKAGE_LED_TAX>
          <DEP_TAX_LED_DEBIT>0</DEP_TAX_LED_DEBIT>
          <OWNER_LED_DEBIT>0</OWNER_LED_DEBIT>
          <OWNER_LED_CREDIT></OWNER_LED_CREDIT>
          <DEP_LED_DEBIT_PL_CZ>0</DEP_LED_DEBIT_PL_CZ>
          <LIST_G_CURRENCY_DETAILS>
          </LIST_G_CURRENCY_DETAILS>
          <CS_CURRENCY_COUNT>0</CS_CURRENCY_COUNT>
        </G_TRX_CODE>
        <G_TRX_CODE>
          <TRX_CODE_SORT>        2006        </TRX_CODE_SORT>
          <TRX_CODE>2006</TRX_CODE>
          <DESCRIPTION>Taste Breakfast Package</DESCRIPTION>
          <TB_AMOUNT>915000</TB_AMOUNT>
          <TRX_DATE>26-NOV-23</TRX_DATE>
          <NET_AMOUNT>915000</NET_AMOUNT>
          <GUEST_LED_DEBIT>840000</GUEST_LED_DEBIT>
          <GUEST_LED_CREDIT></GUEST_LED_CREDIT>
          <AR_LED_DEBIT>0</AR_LED_DEBIT>
          <AR_LED_CREDIT></AR_LED_CREDIT>
          <DEP_LED_DEBIT>0</DEP_LED_DEBIT>
          <DEP_LED_CREDIT></DEP_LED_CREDIT>
          <PACKAGE_LED_DEBIT>75000</PACKAGE_LED_DEBIT>
          <PACKAGE_LED_CREDIT></PACKAGE_LED_CREDIT>
          <INH_DEBIT>0</INH_DEBIT>
          <INH_CREDIT>0</INH_CREDIT>
          <NON_REVENUE_AMT>0</NON_REVENUE_AMT>
          <TODAYS_ACCRUALS>75000</TODAYS_ACCRUALS>
          <DEPOSIT_AT_CHECKIN></DEPOSIT_AT_CHECKIN>
          <PACKAGE_LED_TAX>0</PACKAGE_LED_TAX>
          <DEP_TAX_LED_DEBIT>0</DEP_TAX_LED_DEBIT>
          <OWNER_LED_DEBIT>0</OWNER_LED_DEBIT>
          <OWNER_LED_CREDIT></OWNER_LED_CREDIT>
          <DEP_LED_DEBIT_PL_CZ>0</DEP_LED_DEBIT_PL_CZ>
          <LIST_G_CURRENCY_DETAILS>
          </LIST_G_CURRENCY_DETAILS>
          <CS_CURRENCY_COUNT>0</CS_CURRENCY_COUNT>
        </G_TRX_CODE>
        <G_TRX_CODE>
          <TRX_CODE_SORT>        4000        </TRX_CODE_SORT>
          <TRX_CODE>4000</TRX_CODE>
          <DESCRIPTION>Telephone Local</DESCRIPTION>
          <TB_AMOUNT>600</TB_AMOUNT>
          <TRX_DATE>26-NOV-23</TRX_DATE>
          <NET_AMOUNT>600</NET_AMOUNT>
          <GUEST_LED_DEBIT>600</GUEST_LED_DEBIT>
          <GUEST_LED_CREDIT></GUEST_LED_CREDIT>
          <AR_LED_DEBIT>0</AR_LED_DEBIT>
          <AR_LED_CREDIT></AR_LED_CREDIT>
          <DEP_LED_DEBIT>0</DEP_LED_DEBIT>
          <DEP_LED_CREDIT></DEP_LED_CREDIT>
          <PACKAGE_LED_DEBIT></PACKAGE_LED_DEBIT>
          <PACKAGE_LED_CREDIT></PACKAGE_LED_CREDIT>
          <INH_DEBIT>0</INH_DEBIT>
          <INH_CREDIT>0</INH_CREDIT>
          <NON_REVENUE_AMT>0</NON_REVENUE_AMT>
          <TODAYS_ACCRUALS>0</TODAYS_ACCRUALS>
          <DEPOSIT_AT_CHECKIN></DEPOSIT_AT_CHECKIN>
          <PACKAGE_LED_TAX>0</PACKAGE_LED_TAX>
          <DEP_TAX_LED_DEBIT>0</DEP_TAX_LED_DEBIT>
          <OWNER_LED_DEBIT>0</OWNER_LED_DEBIT>
          <OWNER_LED_CREDIT></OWNER_LED_CREDIT>
          <DEP_LED_DEBIT_PL_CZ>0</DEP_LED_DEBIT_PL_CZ>
          <LIST_G_CURRENCY_DETAILS>
          </LIST_G_CURRENCY_DETAILS>
          <CS_CURRENCY_COUNT>0</CS_CURRENCY_COUNT>
        </G_TRX_CODE>
      </LIST_G_TRX_CODE>
      <CS_TB_AMOUNT_TYPE>6610693</CS_TB_AMOUNT_TYPE>
    </G_TRX_TYPE>
    <G_TRX_TYPE>
      <TRX_TYPE_SORT>3</TRX_TYPE_SORT>
      <TRX_TYPE>NON REVENUE</TRX_TYPE>
      <TRX_TYPE_DESCRIPTION>Non Revenue</TRX_TYPE_DESCRIPTION>
      <IS_TB_TRX_TYPE_01>1</IS_TB_TRX_TYPE_01>
      <LIST_G_TRX_CODE>
        <G_TRX_CODE>
          <TRX_CODE_SORT>        5100        </TRX_CODE_SORT>
          <TRX_CODE>5100</TRX_CODE>
          <DESCRIPTION>Telephone Tax</DESCRIPTION>
          <TB_AMOUNT>60</TB_AMOUNT>
          <TRX_DATE>26-NOV-23</TRX_DATE>
          <NET_AMOUNT>60</NET_AMOUNT>
          <GUEST_LED_DEBIT>60</GUEST_LED_DEBIT>
          <GUEST_LED_CREDIT></GUEST_LED_CREDIT>
          <AR_LED_DEBIT>0</AR_LED_DEBIT>
          <AR_LED_CREDIT></AR_LED_CREDIT>
          <DEP_LED_DEBIT>0</DEP_LED_DEBIT>
          <DEP_LED_CREDIT></DEP_LED_CREDIT>
          <PACKAGE_LED_DEBIT></PACKAGE_LED_DEBIT>
          <PACKAGE_LED_CREDIT></PACKAGE_LED_CREDIT>
          <INH_DEBIT>0</INH_DEBIT>
          <INH_CREDIT>0</INH_CREDIT>
          <NON_REVENUE_AMT>60</NON_REVENUE_AMT>
          <TODAYS_ACCRUALS>0</TODAYS_ACCRUALS>
          <DEPOSIT_AT_CHECKIN></DEPOSIT_AT_CHECKIN>
          <PACKAGE_LED_TAX></PACKAGE_LED_TAX>
          <DEP_TAX_LED_DEBIT>0</DEP_TAX_LED_DEBIT>
          <OWNER_LED_DEBIT>0</OWNER_LED_DEBIT>
          <OWNER_LED_CREDIT></OWNER_LED_CREDIT>
          <DEP_LED_DEBIT_PL_CZ>0</DEP_LED_DEBIT_PL_CZ>
          <LIST_G_CURRENCY_DETAILS>
          </LIST_G_CURRENCY_DETAILS>
          <CS_CURRENCY_COUNT>0</CS_CURRENCY_COUNT>
        </G_TRX_CODE>
        <G_TRX_CODE>
          <TRX_CODE_SORT>        7501        </TRX_CODE_SORT>
          <TRX_CODE>7501</TRX_CODE>
          <DESCRIPTION>Acomdomation VAT</DESCRIPTION>
          <TB_AMOUNT>569518</TB_AMOUNT>
          <TRX_DATE>26-NOV-23</TRX_DATE>
          <NET_AMOUNT>569518</NET_AMOUNT>
          <GUEST_LED_DEBIT>569518</GUEST_LED_DEBIT>
          <GUEST_LED_CREDIT></GUEST_LED_CREDIT>
          <AR_LED_DEBIT>0</AR_LED_DEBIT>
          <AR_LED_CREDIT></AR_LED_CREDIT>
          <DEP_LED_DEBIT>0</DEP_LED_DEBIT>
          <DEP_LED_CREDIT></DEP_LED_CREDIT>
          <PACKAGE_LED_DEBIT></PACKAGE_LED_DEBIT>
          <PACKAGE_LED_CREDIT></PACKAGE_LED_CREDIT>
          <INH_DEBIT>0</INH_DEBIT>
          <INH_CREDIT>0</INH_CREDIT>
          <NON_REVENUE_AMT>569518</NON_REVENUE_AMT>
          <TODAYS_ACCRUALS>0</TODAYS_ACCRUALS>
          <DEPOSIT_AT_CHECKIN></DEPOSIT_AT_CHECKIN>
          <PACKAGE_LED_TAX></PACKAGE_LED_TAX>
          <DEP_TAX_LED_DEBIT>0</DEP_TAX_LED_DEBIT>
          <OWNER_LED_DEBIT>0</OWNER_LED_DEBIT>
          <OWNER_LED_CREDIT></OWNER_LED_CREDIT>
          <DEP_LED_DEBIT_PL_CZ>0</DEP_LED_DEBIT_PL_CZ>
          <LIST_G_CURRENCY_DETAILS>
          </LIST_G_CURRENCY_DETAILS>
          <CS_CURRENCY_COUNT>0</CS_CURRENCY_COUNT>
        </G_TRX_CODE>
        <G_TRX_CODE>
          <TRX_CODE_SORT>        7504        </TRX_CODE_SORT>
          <TRX_CODE>7504</TRX_CODE>
          <DESCRIPTION>Taste Tax</DESCRIPTION>
          <TB_AMOUNT>91500</TB_AMOUNT>
          <TRX_DATE>26-NOV-23</TRX_DATE>
          <NET_AMOUNT>91500</NET_AMOUNT>
          <GUEST_LED_DEBIT>91500</GUEST_LED_DEBIT>
          <GUEST_LED_CREDIT></GUEST_LED_CREDIT>
          <AR_LED_DEBIT>0</AR_LED_DEBIT>
          <AR_LED_CREDIT></AR_LED_CREDIT>
          <DEP_LED_DEBIT>0</DEP_LED_DEBIT>
          <DEP_LED_CREDIT></DEP_LED_CREDIT>
          <PACKAGE_LED_DEBIT></PACKAGE_LED_DEBIT>
          <PACKAGE_LED_CREDIT></PACKAGE_LED_CREDIT>
          <INH_DEBIT>0</INH_DEBIT>
          <INH_CREDIT>0</INH_CREDIT>
          <NON_REVENUE_AMT>91500</NON_REVENUE_AMT>
          <TODAYS_ACCRUALS>0</TODAYS_ACCRUALS>
          <DEPOSIT_AT_CHECKIN></DEPOSIT_AT_CHECKIN>
          <PACKAGE_LED_TAX></PACKAGE_LED_TAX>
          <DEP_TAX_LED_DEBIT>0</DEP_TAX_LED_DEBIT>
          <OWNER_LED_DEBIT>0</OWNER_LED_DEBIT>
          <OWNER_LED_CREDIT></OWNER_LED_CREDIT>
          <DEP_LED_DEBIT_PL_CZ>0</DEP_LED_DEBIT_PL_CZ>
          <LIST_G_CURRENCY_DETAILS>
          </LIST_G_CURRENCY_DETAILS>
          <CS_CURRENCY_COUNT>0</CS_CURRENCY_COUNT>
        </G_TRX_CODE>
        <G_TRX_CODE>
          <TRX_CODE_SORT>        9945        </TRX_CODE_SORT>
          <TRX_CODE>9945</TRX_CODE>
          <DESCRIPTION>Credit Card Consolidation</DESCRIPTION>
          <TB_AMOUNT>0</TB_AMOUNT>
          <TRX_DATE>26-NOV-23</TRX_DATE>
          <NET_AMOUNT>0</NET_AMOUNT>
          <GUEST_LED_DEBIT>0</GUEST_LED_DEBIT>
          <GUEST_LED_CREDIT>0</GUEST_LED_CREDIT>
          <AR_LED_DEBIT>0</AR_LED_DEBIT>
          <AR_LED_CREDIT></AR_LED_CREDIT>
          <DEP_LED_DEBIT>0</DEP_LED_DEBIT>
          <DEP_LED_CREDIT></DEP_LED_CREDIT>
          <PACKAGE_LED_DEBIT></PACKAGE_LED_DEBIT>
          <PACKAGE_LED_CREDIT></PACKAGE_LED_CREDIT>
          <INH_DEBIT>0</INH_DEBIT>
          <INH_CREDIT>0</INH_CREDIT>
          <NON_REVENUE_AMT>2966153</NON_REVENUE_AMT>
          <TODAYS_ACCRUALS>0</TODAYS_ACCRUALS>
          <DEPOSIT_AT_CHECKIN></DEPOSIT_AT_CHECKIN>
          <PACKAGE_LED_TAX>0</PACKAGE_LED_TAX>
          <DEP_TAX_LED_DEBIT>0</DEP_TAX_LED_DEBIT>
          <OWNER_LED_DEBIT>0</OWNER_LED_DEBIT>
          <OWNER_LED_CREDIT></OWNER_LED_CREDIT>
          <DEP_LED_DEBIT_PL_CZ>0</DEP_LED_DEBIT_PL_CZ>
          <LIST_G_CURRENCY_DETAILS>
          </LIST_G_CURRENCY_DETAILS>
          <CS_CURRENCY_COUNT>0</CS_CURRENCY_COUNT>
        </G_TRX_CODE>
      </LIST_G_TRX_CODE>
      <CS_TB_AMOUNT_TYPE>661078</CS_TB_AMOUNT_TYPE>
    </G_TRX_TYPE>
    <G_TRX_TYPE>
      <TRX_TYPE_SORT>4</TRX_TYPE_SORT>
      <TRX_TYPE>PAYMENT</TRX_TYPE>
      <TRX_TYPE_DESCRIPTION>Payment</TRX_TYPE_DESCRIPTION>
      <IS_TB_TRX_TYPE_01>1</IS_TB_TRX_TYPE_01>
      <LIST_G_TRX_CODE>
        <G_TRX_CODE>
          <TRX_CODE_SORT>        9000        </TRX_CODE_SORT>
          <TRX_CODE>9000</TRX_CODE>
          <DESCRIPTION>Cash</DESCRIPTION>
          <TB_AMOUNT>-661</TB_AMOUNT>
          <TRX_DATE>26-NOV-23</TRX_DATE>
          <NET_AMOUNT>0</NET_AMOUNT>
          <GUEST_LED_DEBIT></GUEST_LED_DEBIT>
          <GUEST_LED_CREDIT>-661</GUEST_LED_CREDIT>
          <AR_LED_DEBIT>0</AR_LED_DEBIT>
          <AR_LED_CREDIT></AR_LED_CREDIT>
          <DEP_LED_DEBIT></DEP_LED_DEBIT>
          <DEP_LED_CREDIT></DEP_LED_CREDIT>
          <PACKAGE_LED_DEBIT></PACKAGE_LED_DEBIT>
          <PACKAGE_LED_CREDIT></PACKAGE_LED_CREDIT>
          <INH_DEBIT>0</INH_DEBIT>
          <INH_CREDIT>0</INH_CREDIT>
          <NON_REVENUE_AMT>661</NON_REVENUE_AMT>
          <TODAYS_ACCRUALS>0</TODAYS_ACCRUALS>
          <DEPOSIT_AT_CHECKIN></DEPOSIT_AT_CHECKIN>
          <PACKAGE_LED_TAX>0</PACKAGE_LED_TAX>
          <DEP_TAX_LED_DEBIT>0</DEP_TAX_LED_DEBIT>
          <OWNER_LED_DEBIT>0</OWNER_LED_DEBIT>
          <OWNER_LED_CREDIT></OWNER_LED_CREDIT>
          <DEP_LED_DEBIT_PL_CZ>0</DEP_LED_DEBIT_PL_CZ>
          <LIST_G_CURRENCY_DETAILS>
          </LIST_G_CURRENCY_DETAILS>
          <CS_CURRENCY_COUNT>0</CS_CURRENCY_COUNT>
        </G_TRX_CODE>
        <G_TRX_CODE>
          <TRX_CODE_SORT>        9003        </TRX_CODE_SORT>
          <TRX_CODE>9003</TRX_CODE>
          <DESCRIPTION>City Ledger</DESCRIPTION>
          <TB_AMOUNT>-1653432</TB_AMOUNT>
          <TRX_DATE>26-NOV-23</TRX_DATE>
          <NET_AMOUNT>0</NET_AMOUNT>
          <GUEST_LED_DEBIT>0</GUEST_LED_DEBIT>
          <GUEST_LED_CREDIT>-1653432</GUEST_LED_CREDIT>
          <AR_LED_DEBIT>1653432</AR_LED_DEBIT>
          <AR_LED_CREDIT></AR_LED_CREDIT>
          <DEP_LED_DEBIT></DEP_LED_DEBIT>
          <DEP_LED_CREDIT></DEP_LED_CREDIT>
          <PACKAGE_LED_DEBIT></PACKAGE_LED_DEBIT>
          <PACKAGE_LED_CREDIT></PACKAGE_LED_CREDIT>
          <INH_DEBIT>0</INH_DEBIT>
          <INH_CREDIT>0</INH_CREDIT>
          <NON_REVENUE_AMT>0</NON_REVENUE_AMT>
          <TODAYS_ACCRUALS>0</TODAYS_ACCRUALS>
          <DEPOSIT_AT_CHECKIN></DEPOSIT_AT_CHECKIN>
          <PACKAGE_LED_TAX>0</PACKAGE_LED_TAX>
          <DEP_TAX_LED_DEBIT>0</DEP_TAX_LED_DEBIT>
          <OWNER_LED_DEBIT>0</OWNER_LED_DEBIT>
          <OWNER_LED_CREDIT></OWNER_LED_CREDIT>
          <DEP_LED_DEBIT_PL_CZ>0</DEP_LED_DEBIT_PL_CZ>
          <LIST_G_CURRENCY_DETAILS>
          </LIST_G_CURRENCY_DETAILS>
          <CS_CURRENCY_COUNT>0</CS_CURRENCY_COUNT>
        </G_TRX_CODE>
        <G_TRX_CODE>
          <TRX_CODE_SORT>        9101        </TRX_CODE_SORT>
          <TRX_CODE>9101</TRX_CODE>
          <DESCRIPTION>Visa Card Manual</DESCRIPTION>
          <TB_AMOUNT>-215600</TB_AMOUNT>
          <TRX_DATE>26-NOV-23</TRX_DATE>
          <NET_AMOUNT>0</NET_AMOUNT>
          <GUEST_LED_DEBIT></GUEST_LED_DEBIT>
          <GUEST_LED_CREDIT>-215600</GUEST_LED_CREDIT>
          <AR_LED_DEBIT>215600</AR_LED_DEBIT>
          <AR_LED_CREDIT></AR_LED_CREDIT>
          <DEP_LED_DEBIT></DEP_LED_DEBIT>
          <DEP_LED_CREDIT></DEP_LED_CREDIT>
          <PACKAGE_LED_DEBIT></PACKAGE_LED_DEBIT>
          <PACKAGE_LED_CREDIT></PACKAGE_LED_CREDIT>
          <INH_DEBIT>0</INH_DEBIT>
          <INH_CREDIT>0</INH_CREDIT>
          <NON_REVENUE_AMT>215600</NON_REVENUE_AMT>
          <TODAYS_ACCRUALS>0</TODAYS_ACCRUALS>
          <DEPOSIT_AT_CHECKIN></DEPOSIT_AT_CHECKIN>
          <PACKAGE_LED_TAX>0</PACKAGE_LED_TAX>
          <DEP_TAX_LED_DEBIT>0</DEP_TAX_LED_DEBIT>
          <OWNER_LED_DEBIT>0</OWNER_LED_DEBIT>
          <OWNER_LED_CREDIT></OWNER_LED_CREDIT>
          <DEP_LED_DEBIT_PL_CZ>0</DEP_LED_DEBIT_PL_CZ>
          <LIST_G_CURRENCY_DETAILS>
          </LIST_G_CURRENCY_DETAILS>
          <CS_CURRENCY_COUNT>0</CS_CURRENCY_COUNT>
        </G_TRX_CODE>
        <G_TRX_CODE>
          <TRX_CODE_SORT>        9105        </TRX_CODE_SORT>
          <TRX_CODE>9105</TRX_CODE>
          <DESCRIPTION>Master Card Manual</DESCRIPTION>
          <TB_AMOUNT>-1496876</TB_AMOUNT>
          <TRX_DATE>26-NOV-23</TRX_DATE>
          <NET_AMOUNT>0</NET_AMOUNT>
          <GUEST_LED_DEBIT></GUEST_LED_DEBIT>
          <GUEST_LED_CREDIT>-1496876</GUEST_LED_CREDIT>
          <AR_LED_DEBIT>1496876</AR_LED_DEBIT>
          <AR_LED_CREDIT></AR_LED_CREDIT>
          <DEP_LED_DEBIT></DEP_LED_DEBIT>
          <DEP_LED_CREDIT></DEP_LED_CREDIT>
          <PACKAGE_LED_DEBIT></PACKAGE_LED_DEBIT>
          <PACKAGE_LED_CREDIT></PACKAGE_LED_CREDIT>
          <INH_DEBIT>0</INH_DEBIT>
          <INH_CREDIT>0</INH_CREDIT>
          <NON_REVENUE_AMT>1496876</NON_REVENUE_AMT>
          <TODAYS_ACCRUALS>0</TODAYS_ACCRUALS>
          <DEPOSIT_AT_CHECKIN></DEPOSIT_AT_CHECKIN>
          <PACKAGE_LED_TAX>0</PACKAGE_LED_TAX>
          <DEP_TAX_LED_DEBIT>0</DEP_TAX_LED_DEBIT>
          <OWNER_LED_DEBIT>0</OWNER_LED_DEBIT>
          <OWNER_LED_CREDIT></OWNER_LED_CREDIT>
          <DEP_LED_DEBIT_PL_CZ>0</DEP_LED_DEBIT_PL_CZ>
          <LIST_G_CURRENCY_DETAILS>
          </LIST_G_CURRENCY_DETAILS>
          <CS_CURRENCY_COUNT>0</CS_CURRENCY_COUNT>
        </G_TRX_CODE>
        <G_TRX_CODE>
          <TRX_CODE_SORT>        9123        </TRX_CODE_SORT>
          <TRX_CODE>9123</TRX_CODE>
          <DESCRIPTION>KEB Hana Card Manual</DESCRIPTION>
          <TB_AMOUNT>-250800</TB_AMOUNT>
          <TRX_DATE>26-NOV-23</TRX_DATE>
          <NET_AMOUNT>0</NET_AMOUNT>
          <GUEST_LED_DEBIT></GUEST_LED_DEBIT>
          <GUEST_LED_CREDIT>-250800</GUEST_LED_CREDIT>
          <AR_LED_DEBIT>250800</AR_LED_DEBIT>
          <AR_LED_CREDIT></AR_LED_CREDIT>
          <DEP_LED_DEBIT></DEP_LED_DEBIT>
          <DEP_LED_CREDIT></DEP_LED_CREDIT>
          <PACKAGE_LED_DEBIT></PACKAGE_LED_DEBIT>
          <PACKAGE_LED_CREDIT></PACKAGE_LED_CREDIT>
          <INH_DEBIT>0</INH_DEBIT>
          <INH_CREDIT>0</INH_CREDIT>
          <NON_REVENUE_AMT>250800</NON_REVENUE_AMT>
          <TODAYS_ACCRUALS>0</TODAYS_ACCRUALS>
          <DEPOSIT_AT_CHECKIN></DEPOSIT_AT_CHECKIN>
          <PACKAGE_LED_TAX>0</PACKAGE_LED_TAX>
          <DEP_TAX_LED_DEBIT>0</DEP_TAX_LED_DEBIT>
          <OWNER_LED_DEBIT>0</OWNER_LED_DEBIT>
          <OWNER_LED_CREDIT></OWNER_LED_CREDIT>
          <DEP_LED_DEBIT_PL_CZ>0</DEP_LED_DEBIT_PL_CZ>
          <LIST_G_CURRENCY_DETAILS>
          </LIST_G_CURRENCY_DETAILS>
          <CS_CURRENCY_COUNT>0</CS_CURRENCY_COUNT>
        </G_TRX_CODE>
        <G_TRX_CODE>
          <TRX_CODE_SORT>        9125        </TRX_CODE_SORT>
          <TRX_CODE>9125</TRX_CODE>
          <DESCRIPTION>Samsung Card Manual</DESCRIPTION>
          <TB_AMOUNT>-236137</TB_AMOUNT>
          <TRX_DATE>26-NOV-23</TRX_DATE>
          <NET_AMOUNT>0</NET_AMOUNT>
          <GUEST_LED_DEBIT></GUEST_LED_DEBIT>
          <GUEST_LED_CREDIT>-236137</GUEST_LED_CREDIT>
          <AR_LED_DEBIT>236137</AR_LED_DEBIT>
          <AR_LED_CREDIT></AR_LED_CREDIT>
          <DEP_LED_DEBIT></DEP_LED_DEBIT>
          <DEP_LED_CREDIT></DEP_LED_CREDIT>
          <PACKAGE_LED_DEBIT></PACKAGE_LED_DEBIT>
          <PACKAGE_LED_CREDIT></PACKAGE_LED_CREDIT>
          <INH_DEBIT>0</INH_DEBIT>
          <INH_CREDIT>0</INH_CREDIT>
          <NON_REVENUE_AMT>236137</NON_REVENUE_AMT>
          <TODAYS_ACCRUALS>0</TODAYS_ACCRUALS>
          <DEPOSIT_AT_CHECKIN></DEPOSIT_AT_CHECKIN>
          <PACKAGE_LED_TAX>0</PACKAGE_LED_TAX>
          <DEP_TAX_LED_DEBIT>0</DEP_TAX_LED_DEBIT>
          <OWNER_LED_DEBIT>0</OWNER_LED_DEBIT>
          <OWNER_LED_CREDIT></OWNER_LED_CREDIT>
          <DEP_LED_DEBIT_PL_CZ>0</DEP_LED_DEBIT_PL_CZ>
          <LIST_G_CURRENCY_DETAILS>
          </LIST_G_CURRENCY_DETAILS>
          <CS_CURRENCY_COUNT>0</CS_CURRENCY_COUNT>
        </G_TRX_CODE>
        <G_TRX_CODE>
          <TRX_CODE_SORT>        9129        </TRX_CODE_SORT>
          <TRX_CODE>9129</TRX_CODE>
          <DESCRIPTION>BC Card Manual</DESCRIPTION>
          <TB_AMOUNT>-700900</TB_AMOUNT>
          <TRX_DATE>26-NOV-23</TRX_DATE>
          <NET_AMOUNT>0</NET_AMOUNT>
          <GUEST_LED_DEBIT></GUEST_LED_DEBIT>
          <GUEST_LED_CREDIT>-700900</GUEST_LED_CREDIT>
          <AR_LED_DEBIT>700900</AR_LED_DEBIT>
          <AR_LED_CREDIT></AR_LED_CREDIT>
          <DEP_LED_DEBIT></DEP_LED_DEBIT>
          <DEP_LED_CREDIT></DEP_LED_CREDIT>
          <PACKAGE_LED_DEBIT></PACKAGE_LED_DEBIT>
          <PACKAGE_LED_CREDIT></PACKAGE_LED_CREDIT>
          <INH_DEBIT>0</INH_DEBIT>
          <INH_CREDIT>0</INH_CREDIT>
          <NON_REVENUE_AMT>700900</NON_REVENUE_AMT>
          <TODAYS_ACCRUALS>0</TODAYS_ACCRUALS>
          <DEPOSIT_AT_CHECKIN></DEPOSIT_AT_CHECKIN>
          <PACKAGE_LED_TAX>0</PACKAGE_LED_TAX>
          <DEP_TAX_LED_DEBIT>0</DEP_TAX_LED_DEBIT>
          <OWNER_LED_DEBIT>0</OWNER_LED_DEBIT>
          <OWNER_LED_CREDIT></OWNER_LED_CREDIT>
          <DEP_LED_DEBIT_PL_CZ>0</DEP_LED_DEBIT_PL_CZ>
          <LIST_G_CURRENCY_DETAILS>
          </LIST_G_CURRENCY_DETAILS>
          <CS_CURRENCY_COUNT>0</CS_CURRENCY_COUNT>
        </G_TRX_CODE>
        <G_TRX_CODE>
          <TRX_CODE_SORT>        9133        </TRX_CODE_SORT>
          <TRX_CODE>9133</TRX_CODE>
          <DESCRIPTION>Hyundai Card Manual</DESCRIPTION>
          <TB_AMOUNT>-65840</TB_AMOUNT>
          <TRX_DATE>26-NOV-23</TRX_DATE>
          <NET_AMOUNT>0</NET_AMOUNT>
          <GUEST_LED_DEBIT></GUEST_LED_DEBIT>
          <GUEST_LED_CREDIT>-65840</GUEST_LED_CREDIT>
          <AR_LED_DEBIT>65840</AR_LED_DEBIT>
          <AR_LED_CREDIT></AR_LED_CREDIT>
          <DEP_LED_DEBIT></DEP_LED_DEBIT>
          <DEP_LED_CREDIT></DEP_LED_CREDIT>
          <PACKAGE_LED_DEBIT></PACKAGE_LED_DEBIT>
          <PACKAGE_LED_CREDIT></PACKAGE_LED_CREDIT>
          <INH_DEBIT>0</INH_DEBIT>
          <INH_CREDIT>0</INH_CREDIT>
          <NON_REVENUE_AMT>65840</NON_REVENUE_AMT>
          <TODAYS_ACCRUALS>0</TODAYS_ACCRUALS>
          <DEPOSIT_AT_CHECKIN></DEPOSIT_AT_CHECKIN>
          <PACKAGE_LED_TAX>0</PACKAGE_LED_TAX>
          <DEP_TAX_LED_DEBIT>0</DEP_TAX_LED_DEBIT>
          <OWNER_LED_DEBIT>0</OWNER_LED_DEBIT>
          <OWNER_LED_CREDIT></OWNER_LED_CREDIT>
          <DEP_LED_DEBIT_PL_CZ>0</DEP_LED_DEBIT_PL_CZ>
          <LIST_G_CURRENCY_DETAILS>
          </LIST_G_CURRENCY_DETAILS>
          <CS_CURRENCY_COUNT>0</CS_CURRENCY_COUNT>
        </G_TRX_CODE>
      </LIST_G_TRX_CODE>
      <CS_TB_AMOUNT_TYPE>-4620246</CS_TB_AMOUNT_TYPE>
    </G_TRX_TYPE>
    <G_TRX_TYPE>
      <TRX_TYPE_SORT>5</TRX_TYPE_SORT>
      <TRX_TYPE>INTERNAL</TRX_TYPE>
      <TRX_TYPE_DESCRIPTION>Internal</TRX_TYPE_DESCRIPTION>
      <IS_TB_TRX_TYPE_01>0</IS_TB_TRX_TYPE_01>
      <LIST_G_TRX_CODE>
        <G_TRX_CODE>
          <TRX_CODE_SORT>        9004        </TRX_CODE_SORT>
          <TRX_CODE>9004</TRX_CODE>
          <DESCRIPTION>Deposit Transfer at C/I</DESCRIPTION>
          <TB_AMOUNT>0</TB_AMOUNT>
          <TRX_DATE>26-NOV-23</TRX_DATE>
          <NET_AMOUNT>0</NET_AMOUNT>
          <GUEST_LED_DEBIT>0</GUEST_LED_DEBIT>
          <GUEST_LED_CREDIT>0</GUEST_LED_CREDIT>
          <AR_LED_DEBIT>0</AR_LED_DEBIT>
          <AR_LED_CREDIT></AR_LED_CREDIT>
          <DEP_LED_DEBIT>348062</DEP_LED_DEBIT>
          <DEP_LED_CREDIT></DEP_LED_CREDIT>
          <PACKAGE_LED_DEBIT></PACKAGE_LED_DEBIT>
          <PACKAGE_LED_CREDIT></PACKAGE_LED_CREDIT>
          <INH_DEBIT>0</INH_DEBIT>
          <INH_CREDIT>0</INH_CREDIT>
          <NON_REVENUE_AMT>348062</NON_REVENUE_AMT>
          <TODAYS_ACCRUALS>0</TODAYS_ACCRUALS>
          <DEPOSIT_AT_CHECKIN>348062</DEPOSIT_AT_CHECKIN>
          <PACKAGE_LED_TAX>0</PACKAGE_LED_TAX>
          <DEP_TAX_LED_DEBIT>0</DEP_TAX_LED_DEBIT>
          <OWNER_LED_DEBIT>0</OWNER_LED_DEBIT>
          <OWNER_LED_CREDIT></OWNER_LED_CREDIT>
          <DEP_LED_DEBIT_PL_CZ>0</DEP_LED_DEBIT_PL_CZ>
          <LIST_G_CURRENCY_DETAILS>
          </LIST_G_CURRENCY_DETAILS>
          <CS_CURRENCY_COUNT>0</CS_CURRENCY_COUNT>
        </G_TRX_CODE>
        <G_TRX_CODE>
          <TRX_CODE_SORT>        9999        </TRX_CODE_SORT>
          <TRX_CODE>9999</TRX_CODE>
          <DESCRIPTION>Package Wrapper</DESCRIPTION>
          <TB_AMOUNT>0</TB_AMOUNT>
          <TRX_DATE>26-NOV-23</TRX_DATE>
          <NET_AMOUNT>0</NET_AMOUNT>
          <GUEST_LED_DEBIT>527000</GUEST_LED_DEBIT>
          <GUEST_LED_CREDIT></GUEST_LED_CREDIT>
          <AR_LED_DEBIT>0</AR_LED_DEBIT>
          <AR_LED_CREDIT></AR_LED_CREDIT>
          <DEP_LED_DEBIT></DEP_LED_DEBIT>
          <DEP_LED_CREDIT></DEP_LED_CREDIT>
          <PACKAGE_LED_DEBIT></PACKAGE_LED_DEBIT>
          <PACKAGE_LED_CREDIT>-527000</PACKAGE_LED_CREDIT>
          <INH_DEBIT>0</INH_DEBIT>
          <INH_CREDIT>0</INH_CREDIT>
          <NON_REVENUE_AMT>1054000</NON_REVENUE_AMT>
          <TODAYS_ACCRUALS>-527000</TODAYS_ACCRUALS>
          <DEPOSIT_AT_CHECKIN></DEPOSIT_AT_CHECKIN>
          <PACKAGE_LED_TAX>0</PACKAGE_LED_TAX>
          <DEP_TAX_LED_DEBIT>0</DEP_TAX_LED_DEBIT>
          <OWNER_LED_DEBIT>0</OWNER_LED_DEBIT>
          <OWNER_LED_CREDIT></OWNER_LED_CREDIT>
          <DEP_LED_DEBIT_PL_CZ>0</DEP_LED_DEBIT_PL_CZ>
          <LIST_G_CURRENCY_DETAILS>
          </LIST_G_CURRENCY_DETAILS>
          <CS_CURRENCY_COUNT>0</CS_CURRENCY_COUNT>
        </G_TRX_CODE>
      </LIST_G_TRX_CODE>
      <CS_TB_AMOUNT_TYPE>0</CS_TB_AMOUNT_TYPE>
    </G_TRX_TYPE>
  </LIST_G_TRX_TYPE>
  <LIST_G_CHK_BALANCE>
    <G_CHK_BALANCE>
      <CHK_BAL_CODE>CHK_BAL_GUEST_LEDGER</CHK_BAL_CODE>
      <CHK_BAL_VALUE>Guest Ledger is in balance</CHK_BAL_VALUE>
    </G_CHK_BALANCE>
    <G_CHK_BALANCE>
      <CHK_BAL_CODE>CHK_BAL_PACKAGE_LEDGER</CHK_BAL_CODE>
      <CHK_BAL_VALUE>Package Ledger is in balance</CHK_BAL_VALUE>
    </G_CHK_BALANCE>
    <G_CHK_BALANCE>
      <CHK_BAL_CODE>CHK_BAL_DEPOSIT_LEDGER</CHK_BAL_CODE>
      <CHK_BAL_VALUE>Deposit Ledger is in balance</CHK_BAL_VALUE>
    </G_CHK_BALANCE>
    <G_CHK_BALANCE>
      <CHK_BAL_CODE>CHK_BAL_AR_LEDGER</CHK_BAL_CODE>
      <CHK_BAL_VALUE>A/R Ledger is in balance</CHK_BAL_VALUE>
    </G_CHK_BALANCE>
    <G_CHK_BALANCE>
      <CHK_BAL_CODE>CHK_BAL_CASHIER_BALANCE</CHK_BAL_CODE>
      <CHK_BAL_VALUE>Cashiers are in balance</CHK_BAL_VALUE>
    </G_CHK_BALANCE>
    <G_CHK_BALANCE>
      <CHK_BAL_CODE>CHK_BAL_CO_WITH_BALANCE</CHK_BAL_CODE>
      <CHK_BAL_VALUE>There are no guests checked out with balance</CHK_BAL_VALUE>
    </G_CHK_BALANCE>
    <G_CHK_BALANCE>
      <CHK_BAL_CODE>CHK_BAL_INVALID_TRANSACTIONS</CHK_BAL_CODE>
      <CHK_BAL_VALUE>There are no invalid transactions</CHK_BAL_VALUE>
    </G_CHK_BALANCE>
    <G_CHK_BALANCE>
      <CHK_BAL_CODE>CHK_BAL_EFF_PACKAGE_LEDGER</CHK_BAL_CODE>
      <CHK_BAL_VALUE>Effective Package Ledger is in balance</CHK_BAL_VALUE>
    </G_CHK_BALANCE>
    <G_CHK_BALANCE>
      <CHK_BAL_CODE>CHK_BAL_CO_WITH_DEP_BALANCE</CHK_BAL_CODE>
      <CHK_BAL_VALUE>There are no guests checked out with deposit balance</CHK_BAL_VALUE>
    </G_CHK_BALANCE>
    <G_CHK_BALANCE>
      <CHK_BAL_CODE>CHK_BAL_DEP_LED_VS_GST_LED</CHK_BAL_CODE>
      <CHK_BAL_VALUE>There are no package ledger with guest ledger imbalances</CHK_BAL_VALUE>
    </G_CHK_BALANCE>
    <G_CHK_BALANCE>
      <CHK_BAL_CODE>CHK_BAL_TB_GUEST_LEDGER</CHK_BAL_CODE>
      <CHK_BAL_VALUE>No differences found in the guest ledger sections of the trial_balance report</CHK_BAL_VALUE>
    </G_CHK_BALANCE>
  </LIST_G_CHK_BALANCE>
  <CS_TB_AMOUNT_REP>2651525</CS_TB_AMOUNT_REP>
  <CS_GUEST_LED_DEBIT_REP>7271771</CS_GUEST_LED_DEBIT_REP>
  <CS_GUEST_LED_CREDIT_REP>-4620246</CS_GUEST_LED_CREDIT_REP>
  <CS_AR_LED_DEBIT_REP>4619585</CS_AR_LED_DEBIT_REP>
  <CS_AR_LED_CREDIT_REP>0</CS_AR_LED_CREDIT_REP>
  <CS_DEPOSIT_LED_DEBIT_REP>348062</CS_DEPOSIT_LED_DEBIT_REP>
  <CS_DEPOSIT_LED_CREDIT_REP>0</CS_DEPOSIT_LED_CREDIT_REP>
  <CS_PACKAGE_LED_DEBIT_REP>527000</CS_PACKAGE_LED_DEBIT_REP>
  <CS_PACKAGE_LED_CREDIT_REP>-527000</CS_PACKAGE_LED_CREDIT_REP>
  <CF_GUEST_LED_REP>24812533</CF_GUEST_LED_REP>
  <CF_AR_LED_REP>851735265</CF_AR_LED_REP>
  <CF_DEPOSIT_LED_REP>-40129933</CF_DEPOSIT_LED_REP>
  <CF_PACKAGE_LED_REP>0</CF_PACKAGE_LED_REP>
  <CP_GUEST_LED_DEBIT_YEST>2987591440</CP_GUEST_LED_DEBIT_YEST>
  <CP_GUEST_LED_CREDIT_YEST>-2965082370</CP_GUEST_LED_CREDIT_YEST>
  <CP_AR_LED_DEBIT_YEST>2972848218</CP_AR_LED_DEBIT_YEST>
  <CP_AR_LED_CREDIT_YEST>-2125732538</CP_AR_LED_CREDIT_YEST>
  <CP_DEPOSIT_LED_DEBIT_YEST>200721806</CP_DEPOSIT_LED_DEBIT_YEST>
  <CP_DEPOSIT_LED_CREDIT_YEST>-241199801</CP_DEPOSIT_LED_CREDIT_YEST>
  <CP_PACKAGE_LED_DEBIT_YEST>160875969</CP_PACKAGE_LED_DEBIT_YEST>
  <CP_PACKAGE_LED_CREDIT_YEST>-160875969</CP_PACKAGE_LED_CREDIT_YEST>
  <CP_TB_BALANCE_YEST>22509070</CP_TB_BALANCE_YEST>
  <CF_GUEST_LED_YEST>22509070</CF_GUEST_LED_YEST>
  <CF_CALC_PREVIOUS_BALANCE></CF_CALC_PREVIOUS_BALANCE>
  <CF_AR_LED_YEST>847115680</CF_AR_LED_YEST>
  <CF_DEPOSIT_LED_YEST>-40477995</CF_DEPOSIT_LED_YEST>
  <CF_PACKAGE_LED_YEST>0</CF_PACKAGE_LED_YEST>
  <CF_TB_BALANCE_TODAY>25160595</CF_TB_BALANCE_TODAY>
  <CP_INH_DEBIT_YEST>0</CP_INH_DEBIT_YEST>
  <CP_INH_CREDIT_YEST>0</CP_INH_CREDIT_YEST>
  <CF_INH_YEST>0</CF_INH_YEST>
  <CS_INH_DEBIT_REP>0</CS_INH_DEBIT_REP>
  <CS_INH_CREDIT_REP>0</CS_INH_CREDIT_REP>
  <CF_INH_REP>0</CF_INH_REP>
  <CF_FUTURE_ACCRUALS>0</CF_FUTURE_ACCRUALS>
  <CF_PACKAGE_LED_TODAY>0</CF_PACKAGE_LED_TODAY>
  <CP_PACKAGE_ACCRUALS>0</CP_PACKAGE_ACCRUALS>
  <CF_TBMSG>***Values shown above are preliminary figures of the daily revenues for the unclosed business date. Figures may change once the business date has been closed and the report is re-generated.</CF_TBMSG>
  <CS_ACCRUALS_TODAY>0</CS_ACCRUALS_TODAY>
  <CF_BALANCE_TODAY>24812533</CF_BALANCE_TODAY>
  <CS_DEPOSIT_AT_CHECKIN>348062</CS_DEPOSIT_AT_CHECKIN>
  <CF_BAL_CARRIED_FORWARD>24812533</CF_BAL_CARRIED_FORWARD>
  <CF_DEPOSIT_ACTIVITY_REP>348062</CF_DEPOSIT_ACTIVITY_REP>
  <CF_HOTEL_LEDGER_TODAY>836417865</CF_HOTEL_LEDGER_TODAY>
  <CP_PACKAGE_LED_TAX_YEST>0</CP_PACKAGE_LED_TAX_YEST>
  <CF_LOGO></CF_LOGO>
  <CS_DEPOSIT_TAX_LED_DEBIT_REP>0</CS_DEPOSIT_TAX_LED_DEBIT_REP>
  <CS_OWNER_LED_CREDIT_REP></CS_OWNER_LED_CREDIT_REP>
  <CS_OWNER_LED_DEBIT_REP>0</CS_OWNER_LED_DEBIT_REP>
  <CF_OWNER_LED_REP>0</CF_OWNER_LED_REP>
  <CP_OWNER_LED_DEBIT_YEST>0</CP_OWNER_LED_DEBIT_YEST>
  <CP_OWNER_LED_CREDIT_YEST>0</CP_OWNER_LED_CREDIT_YEST>
  <CF_OWNER_LED_YEST>0</CF_OWNER_LED_YEST>
  <CS_DEPOSIT_LED_ACTIVITY_REP>0</CS_DEPOSIT_LED_ACTIVITY_REP>
  <CP_DEP_LED_DEBIT_PL_CZ></CP_DEP_LED_DEBIT_PL_CZ>
</TRIAL_BALANCE>
