<?xml version="1.0" encoding="UTF-8"?>
<!-- Generated by Oracle Reports version 12.2.1.4.0 -->
<TRIAL_BALANCE>
  <LIST_G_TRX_TYPE>
    <G_TRX_TYPE>
      <TRX_TYPE_SORT>1</TRX_TYPE_SORT>
      <TRX_TYPE>REVENUE</TRX_TYPE>
      <TRX_TYPE_DESCRIPTION>Revenue</TRX_TYPE_DESCRIPTION>
      <IS_TB_TRX_TYPE_01>1</IS_TB_TRX_TYPE_01>
      <LIST_G_TRX_CODE>
        <G_TRX_CODE>
          <TRX_CODE_SORT>        1000        </TRX_CODE_SORT>
          <TRX_CODE>1000</TRX_CODE>
          <DESCRIPTION>Accommodation</DESCRIPTION>
          <TB_AMOUNT>7692514</TB_AMOUNT>
          <TRX_DATE>09-APR-24</TRX_DATE>
          <NET_AMOUNT>7692514</NET_AMOUNT>
          <GUEST_LED_DEBIT>6152542</GUEST_LED_DEBIT>
          <GUEST_LED_CREDIT></GUEST_LED_CREDIT>
          <AR_LED_DEBIT>0</AR_LED_DEBIT>
          <AR_LED_CREDIT></AR_LED_CREDIT>
          <DEP_LED_DEBIT>0</DEP_LED_DEBIT>
          <DEP_LED_CREDIT></DEP_LED_CREDIT>
          <PACKAGE_LED_DEBIT>1539972</PACKAGE_LED_DEBIT>
          <PACKAGE_LED_CREDIT></PACKAGE_LED_CREDIT>
          <INH_DEBIT>0</INH_DEBIT>
          <INH_CREDIT>0</INH_CREDIT>
          <NON_REVENUE_AMT>0</NON_REVENUE_AMT>
          <TODAYS_ACCRUALS>1539972</TODAYS_ACCRUALS>
          <DEPOSIT_AT_CHECKIN></DEPOSIT_AT_CHECKIN>
          <PACKAGE_LED_TAX>0</PACKAGE_LED_TAX>
          <DEP_TAX_LED_DEBIT>0</DEP_TAX_LED_DEBIT>
          <OWNER_LED_DEBIT>0</OWNER_LED_DEBIT>
          <OWNER_LED_CREDIT></OWNER_LED_CREDIT>
          <DEP_LED_DEBIT_PL_CZ>0</DEP_LED_DEBIT_PL_CZ>
          <LIST_G_CURRENCY_DETAILS>
          </LIST_G_CURRENCY_DETAILS>
          <CS_CURRENCY_COUNT>0</CS_CURRENCY_COUNT>
        </G_TRX_CODE>
        <G_TRX_CODE>
          <TRX_CODE_SORT>        2000        </TRX_CODE_SORT>
          <TRX_CODE>2000</TRX_CODE>
          <DESCRIPTION>Taste Breakfast Food</DESCRIPTION>
          <TB_AMOUNT>72000</TB_AMOUNT>
          <TRX_DATE>09-APR-24</TRX_DATE>
          <NET_AMOUNT>72000</NET_AMOUNT>
          <GUEST_LED_DEBIT>72000</GUEST_LED_DEBIT>
          <GUEST_LED_CREDIT></GUEST_LED_CREDIT>
          <AR_LED_DEBIT>0</AR_LED_DEBIT>
          <AR_LED_CREDIT></AR_LED_CREDIT>
          <DEP_LED_DEBIT>0</DEP_LED_DEBIT>
          <DEP_LED_CREDIT></DEP_LED_CREDIT>
          <PACKAGE_LED_DEBIT></PACKAGE_LED_DEBIT>
          <PACKAGE_LED_CREDIT></PACKAGE_LED_CREDIT>
          <INH_DEBIT>0</INH_DEBIT>
          <INH_CREDIT>0</INH_CREDIT>
          <NON_REVENUE_AMT>0</NON_REVENUE_AMT>
          <TODAYS_ACCRUALS>0</TODAYS_ACCRUALS>
          <DEPOSIT_AT_CHECKIN></DEPOSIT_AT_CHECKIN>
          <PACKAGE_LED_TAX>0</PACKAGE_LED_TAX>
          <DEP_TAX_LED_DEBIT>0</DEP_TAX_LED_DEBIT>
          <OWNER_LED_DEBIT>0</OWNER_LED_DEBIT>
          <OWNER_LED_CREDIT></OWNER_LED_CREDIT>
          <DEP_LED_DEBIT_PL_CZ>0</DEP_LED_DEBIT_PL_CZ>
          <LIST_G_CURRENCY_DETAILS>
          </LIST_G_CURRENCY_DETAILS>
          <CS_CURRENCY_COUNT>0</CS_CURRENCY_COUNT>
        </G_TRX_CODE>
        <G_TRX_CODE>
          <TRX_CODE_SORT>        2006        </TRX_CODE_SORT>
          <TRX_CODE>2006</TRX_CODE>
          <DESCRIPTION>Taste Breakfast Package</DESCRIPTION>
          <TB_AMOUNT>1432000</TB_AMOUNT>
          <TRX_DATE>09-APR-24</TRX_DATE>
          <NET_AMOUNT>1432000</NET_AMOUNT>
          <GUEST_LED_DEBIT>807000</GUEST_LED_DEBIT>
          <GUEST_LED_CREDIT></GUEST_LED_CREDIT>
          <AR_LED_DEBIT>0</AR_LED_DEBIT>
          <AR_LED_CREDIT></AR_LED_CREDIT>
          <DEP_LED_DEBIT>0</DEP_LED_DEBIT>
          <DEP_LED_CREDIT></DEP_LED_CREDIT>
          <PACKAGE_LED_DEBIT>625000</PACKAGE_LED_DEBIT>
          <PACKAGE_LED_CREDIT></PACKAGE_LED_CREDIT>
          <INH_DEBIT>0</INH_DEBIT>
          <INH_CREDIT>0</INH_CREDIT>
          <NON_REVENUE_AMT>0</NON_REVENUE_AMT>
          <TODAYS_ACCRUALS>625000</TODAYS_ACCRUALS>
          <DEPOSIT_AT_CHECKIN></DEPOSIT_AT_CHECKIN>
          <PACKAGE_LED_TAX>0</PACKAGE_LED_TAX>
          <DEP_TAX_LED_DEBIT>0</DEP_TAX_LED_DEBIT>
          <OWNER_LED_DEBIT>0</OWNER_LED_DEBIT>
          <OWNER_LED_CREDIT></OWNER_LED_CREDIT>
          <DEP_LED_DEBIT_PL_CZ>0</DEP_LED_DEBIT_PL_CZ>
          <LIST_G_CURRENCY_DETAILS>
          </LIST_G_CURRENCY_DETAILS>
          <CS_CURRENCY_COUNT>0</CS_CURRENCY_COUNT>
        </G_TRX_CODE>
        <G_TRX_CODE>
          <TRX_CODE_SORT>        5238        </TRX_CODE_SORT>
          <TRX_CODE>5238</TRX_CODE>
          <DESCRIPTION>Misc-Others Charges</DESCRIPTION>
          <TB_AMOUNT>18000</TB_AMOUNT>
          <TRX_DATE>09-APR-24</TRX_DATE>
          <NET_AMOUNT>18000</NET_AMOUNT>
          <GUEST_LED_DEBIT>18000</GUEST_LED_DEBIT>
          <GUEST_LED_CREDIT></GUEST_LED_CREDIT>
          <AR_LED_DEBIT>0</AR_LED_DEBIT>
          <AR_LED_CREDIT></AR_LED_CREDIT>
          <DEP_LED_DEBIT>0</DEP_LED_DEBIT>
          <DEP_LED_CREDIT></DEP_LED_CREDIT>
          <PACKAGE_LED_DEBIT></PACKAGE_LED_DEBIT>
          <PACKAGE_LED_CREDIT></PACKAGE_LED_CREDIT>
          <INH_DEBIT>0</INH_DEBIT>
          <INH_CREDIT>0</INH_CREDIT>
          <NON_REVENUE_AMT>0</NON_REVENUE_AMT>
          <TODAYS_ACCRUALS>0</TODAYS_ACCRUALS>
          <DEPOSIT_AT_CHECKIN></DEPOSIT_AT_CHECKIN>
          <PACKAGE_LED_TAX>0</PACKAGE_LED_TAX>
          <DEP_TAX_LED_DEBIT>0</DEP_TAX_LED_DEBIT>
          <OWNER_LED_DEBIT>0</OWNER_LED_DEBIT>
          <OWNER_LED_CREDIT></OWNER_LED_CREDIT>
          <DEP_LED_DEBIT_PL_CZ>0</DEP_LED_DEBIT_PL_CZ>
          <LIST_G_CURRENCY_DETAILS>
          </LIST_G_CURRENCY_DETAILS>
          <CS_CURRENCY_COUNT>0</CS_CURRENCY_COUNT>
        </G_TRX_CODE>
      </LIST_G_TRX_CODE>
      <CS_TB_AMOUNT_TYPE>9214514</CS_TB_AMOUNT_TYPE>
    </G_TRX_TYPE>
    <G_TRX_TYPE>
      <TRX_TYPE_SORT>3</TRX_TYPE_SORT>
      <TRX_TYPE>NON REVENUE</TRX_TYPE>
      <TRX_TYPE_DESCRIPTION>Non Revenue</TRX_TYPE_DESCRIPTION>
      <IS_TB_TRX_TYPE_01>1</IS_TB_TRX_TYPE_01>
      <LIST_G_TRX_CODE>
        <G_TRX_CODE>
          <TRX_CODE_SORT>        5104        </TRX_CODE_SORT>
          <TRX_CODE>5104</TRX_CODE>
          <DESCRIPTION>Misc - Other Tax</DESCRIPTION>
          <TB_AMOUNT>1800</TB_AMOUNT>
          <TRX_DATE>09-APR-24</TRX_DATE>
          <NET_AMOUNT>1800</NET_AMOUNT>
          <GUEST_LED_DEBIT>1800</GUEST_LED_DEBIT>
          <GUEST_LED_CREDIT></GUEST_LED_CREDIT>
          <AR_LED_DEBIT>0</AR_LED_DEBIT>
          <AR_LED_CREDIT></AR_LED_CREDIT>
          <DEP_LED_DEBIT>0</DEP_LED_DEBIT>
          <DEP_LED_CREDIT></DEP_LED_CREDIT>
          <PACKAGE_LED_DEBIT></PACKAGE_LED_DEBIT>
          <PACKAGE_LED_CREDIT></PACKAGE_LED_CREDIT>
          <INH_DEBIT>0</INH_DEBIT>
          <INH_CREDIT>0</INH_CREDIT>
          <NON_REVENUE_AMT>1800</NON_REVENUE_AMT>
          <TODAYS_ACCRUALS>0</TODAYS_ACCRUALS>
          <DEPOSIT_AT_CHECKIN></DEPOSIT_AT_CHECKIN>
          <PACKAGE_LED_TAX></PACKAGE_LED_TAX>
          <DEP_TAX_LED_DEBIT>0</DEP_TAX_LED_DEBIT>
          <OWNER_LED_DEBIT>0</OWNER_LED_DEBIT>
          <OWNER_LED_CREDIT></OWNER_LED_CREDIT>
          <DEP_LED_DEBIT_PL_CZ>0</DEP_LED_DEBIT_PL_CZ>
          <LIST_G_CURRENCY_DETAILS>
          </LIST_G_CURRENCY_DETAILS>
          <CS_CURRENCY_COUNT>0</CS_CURRENCY_COUNT>
        </G_TRX_CODE>
        <G_TRX_CODE>
          <TRX_CODE_SORT>        7501        </TRX_CODE_SORT>
          <TRX_CODE>7501</TRX_CODE>
          <DESCRIPTION>Acomdomation VAT</DESCRIPTION>
          <TB_AMOUNT>769271</TB_AMOUNT>
          <TRX_DATE>09-APR-24</TRX_DATE>
          <NET_AMOUNT>769271</NET_AMOUNT>
          <GUEST_LED_DEBIT>769271</GUEST_LED_DEBIT>
          <GUEST_LED_CREDIT></GUEST_LED_CREDIT>
          <AR_LED_DEBIT>0</AR_LED_DEBIT>
          <AR_LED_CREDIT></AR_LED_CREDIT>
          <DEP_LED_DEBIT>0</DEP_LED_DEBIT>
          <DEP_LED_CREDIT></DEP_LED_CREDIT>
          <PACKAGE_LED_DEBIT></PACKAGE_LED_DEBIT>
          <PACKAGE_LED_CREDIT></PACKAGE_LED_CREDIT>
          <INH_DEBIT>0</INH_DEBIT>
          <INH_CREDIT>0</INH_CREDIT>
          <NON_REVENUE_AMT>769271</NON_REVENUE_AMT>
          <TODAYS_ACCRUALS>0</TODAYS_ACCRUALS>
          <DEPOSIT_AT_CHECKIN></DEPOSIT_AT_CHECKIN>
          <PACKAGE_LED_TAX></PACKAGE_LED_TAX>
          <DEP_TAX_LED_DEBIT>0</DEP_TAX_LED_DEBIT>
          <OWNER_LED_DEBIT>0</OWNER_LED_DEBIT>
          <OWNER_LED_CREDIT></OWNER_LED_CREDIT>
          <DEP_LED_DEBIT_PL_CZ>0</DEP_LED_DEBIT_PL_CZ>
          <LIST_G_CURRENCY_DETAILS>
          </LIST_G_CURRENCY_DETAILS>
          <CS_CURRENCY_COUNT>0</CS_CURRENCY_COUNT>
        </G_TRX_CODE>
        <G_TRX_CODE>
          <TRX_CODE_SORT>        7504        </TRX_CODE_SORT>
          <TRX_CODE>7504</TRX_CODE>
          <DESCRIPTION>Taste Tax</DESCRIPTION>
          <TB_AMOUNT>150400</TB_AMOUNT>
          <TRX_DATE>09-APR-24</TRX_DATE>
          <NET_AMOUNT>150400</NET_AMOUNT>
          <GUEST_LED_DEBIT>150400</GUEST_LED_DEBIT>
          <GUEST_LED_CREDIT></GUEST_LED_CREDIT>
          <AR_LED_DEBIT>0</AR_LED_DEBIT>
          <AR_LED_CREDIT></AR_LED_CREDIT>
          <DEP_LED_DEBIT>0</DEP_LED_DEBIT>
          <DEP_LED_CREDIT></DEP_LED_CREDIT>
          <PACKAGE_LED_DEBIT></PACKAGE_LED_DEBIT>
          <PACKAGE_LED_CREDIT></PACKAGE_LED_CREDIT>
          <INH_DEBIT>0</INH_DEBIT>
          <INH_CREDIT>0</INH_CREDIT>
          <NON_REVENUE_AMT>150400</NON_REVENUE_AMT>
          <TODAYS_ACCRUALS>0</TODAYS_ACCRUALS>
          <DEPOSIT_AT_CHECKIN></DEPOSIT_AT_CHECKIN>
          <PACKAGE_LED_TAX></PACKAGE_LED_TAX>
          <DEP_TAX_LED_DEBIT>0</DEP_TAX_LED_DEBIT>
          <OWNER_LED_DEBIT>0</OWNER_LED_DEBIT>
          <OWNER_LED_CREDIT></OWNER_LED_CREDIT>
          <DEP_LED_DEBIT_PL_CZ>0</DEP_LED_DEBIT_PL_CZ>
          <LIST_G_CURRENCY_DETAILS>
          </LIST_G_CURRENCY_DETAILS>
          <CS_CURRENCY_COUNT>0</CS_CURRENCY_COUNT>
        </G_TRX_CODE>
        <G_TRX_CODE>
          <TRX_CODE_SORT>        9945        </TRX_CODE_SORT>
          <TRX_CODE>9945</TRX_CODE>
          <DESCRIPTION>Credit Card Consolidation</DESCRIPTION>
          <TB_AMOUNT>0</TB_AMOUNT>
          <TRX_DATE>09-APR-24</TRX_DATE>
          <NET_AMOUNT>0</NET_AMOUNT>
          <GUEST_LED_DEBIT>0</GUEST_LED_DEBIT>
          <GUEST_LED_CREDIT>0</GUEST_LED_CREDIT>
          <AR_LED_DEBIT>0</AR_LED_DEBIT>
          <AR_LED_CREDIT></AR_LED_CREDIT>
          <DEP_LED_DEBIT>0</DEP_LED_DEBIT>
          <DEP_LED_CREDIT></DEP_LED_CREDIT>
          <PACKAGE_LED_DEBIT></PACKAGE_LED_DEBIT>
          <PACKAGE_LED_CREDIT></PACKAGE_LED_CREDIT>
          <INH_DEBIT>0</INH_DEBIT>
          <INH_CREDIT>0</INH_CREDIT>
          <NON_REVENUE_AMT>8561564</NON_REVENUE_AMT>
          <TODAYS_ACCRUALS>0</TODAYS_ACCRUALS>
          <DEPOSIT_AT_CHECKIN></DEPOSIT_AT_CHECKIN>
          <PACKAGE_LED_TAX>0</PACKAGE_LED_TAX>
          <DEP_TAX_LED_DEBIT>0</DEP_TAX_LED_DEBIT>
          <OWNER_LED_DEBIT>0</OWNER_LED_DEBIT>
          <OWNER_LED_CREDIT></OWNER_LED_CREDIT>
          <DEP_LED_DEBIT_PL_CZ>0</DEP_LED_DEBIT_PL_CZ>
          <LIST_G_CURRENCY_DETAILS>
          </LIST_G_CURRENCY_DETAILS>
          <CS_CURRENCY_COUNT>0</CS_CURRENCY_COUNT>
        </G_TRX_CODE>
      </LIST_G_TRX_CODE>
      <CS_TB_AMOUNT_TYPE>921471</CS_TB_AMOUNT_TYPE>
    </G_TRX_TYPE>
    <G_TRX_TYPE>
      <TRX_TYPE_SORT>4</TRX_TYPE_SORT>
      <TRX_TYPE>PAYMENT</TRX_TYPE>
      <TRX_TYPE_DESCRIPTION>Payment</TRX_TYPE_DESCRIPTION>
      <IS_TB_TRX_TYPE_01>1</IS_TB_TRX_TYPE_01>
      <LIST_G_TRX_CODE>
        <G_TRX_CODE>
          <TRX_CODE_SORT>        9000        </TRX_CODE_SORT>
          <TRX_CODE>9000</TRX_CODE>
          <DESCRIPTION>Cash</DESCRIPTION>
          <TB_AMOUNT>-39602</TB_AMOUNT>
          <TRX_DATE>09-APR-24</TRX_DATE>
          <NET_AMOUNT>0</NET_AMOUNT>
          <GUEST_LED_DEBIT></GUEST_LED_DEBIT>
          <GUEST_LED_CREDIT>-39602</GUEST_LED_CREDIT>
          <AR_LED_DEBIT>0</AR_LED_DEBIT>
          <AR_LED_CREDIT></AR_LED_CREDIT>
          <DEP_LED_DEBIT></DEP_LED_DEBIT>
          <DEP_LED_CREDIT></DEP_LED_CREDIT>
          <PACKAGE_LED_DEBIT></PACKAGE_LED_DEBIT>
          <PACKAGE_LED_CREDIT></PACKAGE_LED_CREDIT>
          <INH_DEBIT>0</INH_DEBIT>
          <INH_CREDIT>0</INH_CREDIT>
          <NON_REVENUE_AMT>39602</NON_REVENUE_AMT>
          <TODAYS_ACCRUALS>0</TODAYS_ACCRUALS>
          <DEPOSIT_AT_CHECKIN></DEPOSIT_AT_CHECKIN>
          <PACKAGE_LED_TAX>0</PACKAGE_LED_TAX>
          <DEP_TAX_LED_DEBIT>0</DEP_TAX_LED_DEBIT>
          <OWNER_LED_DEBIT>0</OWNER_LED_DEBIT>
          <OWNER_LED_CREDIT></OWNER_LED_CREDIT>
          <DEP_LED_DEBIT_PL_CZ>0</DEP_LED_DEBIT_PL_CZ>
          <LIST_G_CURRENCY_DETAILS>
          </LIST_G_CURRENCY_DETAILS>
          <CS_CURRENCY_COUNT>0</CS_CURRENCY_COUNT>
        </G_TRX_CODE>
        <G_TRX_CODE>
          <TRX_CODE_SORT>        9003        </TRX_CODE_SORT>
          <TRX_CODE>9003</TRX_CODE>
          <DESCRIPTION>City Ledger</DESCRIPTION>
          <TB_AMOUNT>-136316</TB_AMOUNT>
          <TRX_DATE>09-APR-24</TRX_DATE>
          <NET_AMOUNT>0</NET_AMOUNT>
          <GUEST_LED_DEBIT>0</GUEST_LED_DEBIT>
          <GUEST_LED_CREDIT>-136316</GUEST_LED_CREDIT>
          <AR_LED_DEBIT>136316</AR_LED_DEBIT>
          <AR_LED_CREDIT></AR_LED_CREDIT>
          <DEP_LED_DEBIT></DEP_LED_DEBIT>
          <DEP_LED_CREDIT></DEP_LED_CREDIT>
          <PACKAGE_LED_DEBIT></PACKAGE_LED_DEBIT>
          <PACKAGE_LED_CREDIT></PACKAGE_LED_CREDIT>
          <INH_DEBIT>0</INH_DEBIT>
          <INH_CREDIT>0</INH_CREDIT>
          <NON_REVENUE_AMT>0</NON_REVENUE_AMT>
          <TODAYS_ACCRUALS>0</TODAYS_ACCRUALS>
          <DEPOSIT_AT_CHECKIN></DEPOSIT_AT_CHECKIN>
          <PACKAGE_LED_TAX>0</PACKAGE_LED_TAX>
          <DEP_TAX_LED_DEBIT>0</DEP_TAX_LED_DEBIT>
          <OWNER_LED_DEBIT>0</OWNER_LED_DEBIT>
          <OWNER_LED_CREDIT></OWNER_LED_CREDIT>
          <DEP_LED_DEBIT_PL_CZ>0</DEP_LED_DEBIT_PL_CZ>
          <LIST_G_CURRENCY_DETAILS>
          </LIST_G_CURRENCY_DETAILS>
          <CS_CURRENCY_COUNT>0</CS_CURRENCY_COUNT>
        </G_TRX_CODE>
        <G_TRX_CODE>
          <TRX_CODE_SORT>        9101        </TRX_CODE_SORT>
          <TRX_CODE>9101</TRX_CODE>
          <DESCRIPTION>Visa Card Manual</DESCRIPTION>
          <TB_AMOUNT>-1420601</TB_AMOUNT>
          <TRX_DATE>09-APR-24</TRX_DATE>
          <NET_AMOUNT>0</NET_AMOUNT>
          <GUEST_LED_DEBIT></GUEST_LED_DEBIT>
          <GUEST_LED_CREDIT>-327376</GUEST_LED_CREDIT>
          <AR_LED_DEBIT>1420601</AR_LED_DEBIT>
          <AR_LED_CREDIT></AR_LED_CREDIT>
          <DEP_LED_DEBIT></DEP_LED_DEBIT>
          <DEP_LED_CREDIT>-1093225</DEP_LED_CREDIT>
          <PACKAGE_LED_DEBIT></PACKAGE_LED_DEBIT>
          <PACKAGE_LED_CREDIT></PACKAGE_LED_CREDIT>
          <INH_DEBIT>0</INH_DEBIT>
          <INH_CREDIT>0</INH_CREDIT>
          <NON_REVENUE_AMT>1420601</NON_REVENUE_AMT>
          <TODAYS_ACCRUALS>0</TODAYS_ACCRUALS>
          <DEPOSIT_AT_CHECKIN></DEPOSIT_AT_CHECKIN>
          <PACKAGE_LED_TAX>0</PACKAGE_LED_TAX>
          <DEP_TAX_LED_DEBIT>0</DEP_TAX_LED_DEBIT>
          <OWNER_LED_DEBIT>0</OWNER_LED_DEBIT>
          <OWNER_LED_CREDIT></OWNER_LED_CREDIT>
          <DEP_LED_DEBIT_PL_CZ>0</DEP_LED_DEBIT_PL_CZ>
          <LIST_G_CURRENCY_DETAILS>
          </LIST_G_CURRENCY_DETAILS>
          <CS_CURRENCY_COUNT>0</CS_CURRENCY_COUNT>
        </G_TRX_CODE>
        <G_TRX_CODE>
          <TRX_CODE_SORT>        9103        </TRX_CODE_SORT>
          <TRX_CODE>9103</TRX_CODE>
          <DESCRIPTION>Amex Card Manual</DESCRIPTION>
          <TB_AMOUNT>-278912</TB_AMOUNT>
          <TRX_DATE>09-APR-24</TRX_DATE>
          <NET_AMOUNT>0</NET_AMOUNT>
          <GUEST_LED_DEBIT></GUEST_LED_DEBIT>
          <GUEST_LED_CREDIT>0</GUEST_LED_CREDIT>
          <AR_LED_DEBIT>278912</AR_LED_DEBIT>
          <AR_LED_CREDIT></AR_LED_CREDIT>
          <DEP_LED_DEBIT></DEP_LED_DEBIT>
          <DEP_LED_CREDIT>-278912</DEP_LED_CREDIT>
          <PACKAGE_LED_DEBIT></PACKAGE_LED_DEBIT>
          <PACKAGE_LED_CREDIT></PACKAGE_LED_CREDIT>
          <INH_DEBIT>0</INH_DEBIT>
          <INH_CREDIT>0</INH_CREDIT>
          <NON_REVENUE_AMT>278912</NON_REVENUE_AMT>
          <TODAYS_ACCRUALS>0</TODAYS_ACCRUALS>
          <DEPOSIT_AT_CHECKIN></DEPOSIT_AT_CHECKIN>
          <PACKAGE_LED_TAX>0</PACKAGE_LED_TAX>
          <DEP_TAX_LED_DEBIT>0</DEP_TAX_LED_DEBIT>
          <OWNER_LED_DEBIT>0</OWNER_LED_DEBIT>
          <OWNER_LED_CREDIT></OWNER_LED_CREDIT>
          <DEP_LED_DEBIT_PL_CZ>0</DEP_LED_DEBIT_PL_CZ>
          <LIST_G_CURRENCY_DETAILS>
          </LIST_G_CURRENCY_DETAILS>
          <CS_CURRENCY_COUNT>0</CS_CURRENCY_COUNT>
        </G_TRX_CODE>
        <G_TRX_CODE>
          <TRX_CODE_SORT>        9105        </TRX_CODE_SORT>
          <TRX_CODE>9105</TRX_CODE>
          <DESCRIPTION>Master Card Manual</DESCRIPTION>
          <TB_AMOUNT>-4291286</TB_AMOUNT>
          <TRX_DATE>09-APR-24</TRX_DATE>
          <NET_AMOUNT>0</NET_AMOUNT>
          <GUEST_LED_DEBIT></GUEST_LED_DEBIT>
          <GUEST_LED_CREDIT>-3783675</GUEST_LED_CREDIT>
          <AR_LED_DEBIT>4291286</AR_LED_DEBIT>
          <AR_LED_CREDIT></AR_LED_CREDIT>
          <DEP_LED_DEBIT></DEP_LED_DEBIT>
          <DEP_LED_CREDIT>-507611</DEP_LED_CREDIT>
          <PACKAGE_LED_DEBIT></PACKAGE_LED_DEBIT>
          <PACKAGE_LED_CREDIT></PACKAGE_LED_CREDIT>
          <INH_DEBIT>0</INH_DEBIT>
          <INH_CREDIT>0</INH_CREDIT>
          <NON_REVENUE_AMT>4291286</NON_REVENUE_AMT>
          <TODAYS_ACCRUALS>0</TODAYS_ACCRUALS>
          <DEPOSIT_AT_CHECKIN></DEPOSIT_AT_CHECKIN>
          <PACKAGE_LED_TAX>0</PACKAGE_LED_TAX>
          <DEP_TAX_LED_DEBIT>0</DEP_TAX_LED_DEBIT>
          <OWNER_LED_DEBIT>0</OWNER_LED_DEBIT>
          <OWNER_LED_CREDIT></OWNER_LED_CREDIT>
          <DEP_LED_DEBIT_PL_CZ>0</DEP_LED_DEBIT_PL_CZ>
          <LIST_G_CURRENCY_DETAILS>
          </LIST_G_CURRENCY_DETAILS>
          <CS_CURRENCY_COUNT>0</CS_CURRENCY_COUNT>
        </G_TRX_CODE>
        <G_TRX_CODE>
          <TRX_CODE_SORT>        9121        </TRX_CODE_SORT>
          <TRX_CODE>9121</TRX_CODE>
          <DESCRIPTION>Lotte Card Manual</DESCRIPTION>
          <TB_AMOUNT>-634659</TB_AMOUNT>
          <TRX_DATE>09-APR-24</TRX_DATE>
          <NET_AMOUNT>0</NET_AMOUNT>
          <GUEST_LED_DEBIT></GUEST_LED_DEBIT>
          <GUEST_LED_CREDIT>-634659</GUEST_LED_CREDIT>
          <AR_LED_DEBIT>634659</AR_LED_DEBIT>
          <AR_LED_CREDIT></AR_LED_CREDIT>
          <DEP_LED_DEBIT></DEP_LED_DEBIT>
          <DEP_LED_CREDIT></DEP_LED_CREDIT>
          <PACKAGE_LED_DEBIT></PACKAGE_LED_DEBIT>
          <PACKAGE_LED_CREDIT></PACKAGE_LED_CREDIT>
          <INH_DEBIT>0</INH_DEBIT>
          <INH_CREDIT>0</INH_CREDIT>
          <NON_REVENUE_AMT>634659</NON_REVENUE_AMT>
          <TODAYS_ACCRUALS>0</TODAYS_ACCRUALS>
          <DEPOSIT_AT_CHECKIN></DEPOSIT_AT_CHECKIN>
          <PACKAGE_LED_TAX>0</PACKAGE_LED_TAX>
          <DEP_TAX_LED_DEBIT>0</DEP_TAX_LED_DEBIT>
          <OWNER_LED_DEBIT>0</OWNER_LED_DEBIT>
          <OWNER_LED_CREDIT></OWNER_LED_CREDIT>
          <DEP_LED_DEBIT_PL_CZ>0</DEP_LED_DEBIT_PL_CZ>
          <LIST_G_CURRENCY_DETAILS>
          </LIST_G_CURRENCY_DETAILS>
          <CS_CURRENCY_COUNT>0</CS_CURRENCY_COUNT>
        </G_TRX_CODE>
        <G_TRX_CODE>
          <TRX_CODE_SORT>        9125        </TRX_CODE_SORT>
          <TRX_CODE>9125</TRX_CODE>
          <DESCRIPTION>Samsung Card Manual</DESCRIPTION>
          <TB_AMOUNT>-168300</TB_AMOUNT>
          <TRX_DATE>09-APR-24</TRX_DATE>
          <NET_AMOUNT>0</NET_AMOUNT>
          <GUEST_LED_DEBIT></GUEST_LED_DEBIT>
          <GUEST_LED_CREDIT>-168300</GUEST_LED_CREDIT>
          <AR_LED_DEBIT>168300</AR_LED_DEBIT>
          <AR_LED_CREDIT></AR_LED_CREDIT>
          <DEP_LED_DEBIT></DEP_LED_DEBIT>
          <DEP_LED_CREDIT>0</DEP_LED_CREDIT>
          <PACKAGE_LED_DEBIT></PACKAGE_LED_DEBIT>
          <PACKAGE_LED_CREDIT></PACKAGE_LED_CREDIT>
          <INH_DEBIT>0</INH_DEBIT>
          <INH_CREDIT>0</INH_CREDIT>
          <NON_REVENUE_AMT>168300</NON_REVENUE_AMT>
          <TODAYS_ACCRUALS>0</TODAYS_ACCRUALS>
          <DEPOSIT_AT_CHECKIN></DEPOSIT_AT_CHECKIN>
          <PACKAGE_LED_TAX>0</PACKAGE_LED_TAX>
          <DEP_TAX_LED_DEBIT>0</DEP_TAX_LED_DEBIT>
          <OWNER_LED_DEBIT>0</OWNER_LED_DEBIT>
          <OWNER_LED_CREDIT></OWNER_LED_CREDIT>
          <DEP_LED_DEBIT_PL_CZ>0</DEP_LED_DEBIT_PL_CZ>
          <LIST_G_CURRENCY_DETAILS>
          </LIST_G_CURRENCY_DETAILS>
          <CS_CURRENCY_COUNT>0</CS_CURRENCY_COUNT>
        </G_TRX_CODE>
        <G_TRX_CODE>
          <TRX_CODE_SORT>        9127        </TRX_CODE_SORT>
          <TRX_CODE>9127</TRX_CODE>
          <DESCRIPTION>Shinhan Card Manual</DESCRIPTION>
          <TB_AMOUNT>-210177</TB_AMOUNT>
          <TRX_DATE>09-APR-24</TRX_DATE>
          <NET_AMOUNT>0</NET_AMOUNT>
          <GUEST_LED_DEBIT></GUEST_LED_DEBIT>
          <GUEST_LED_CREDIT>-84150</GUEST_LED_CREDIT>
          <AR_LED_DEBIT>210177</AR_LED_DEBIT>
          <AR_LED_CREDIT></AR_LED_CREDIT>
          <DEP_LED_DEBIT></DEP_LED_DEBIT>
          <DEP_LED_CREDIT>-126027</DEP_LED_CREDIT>
          <PACKAGE_LED_DEBIT></PACKAGE_LED_DEBIT>
          <PACKAGE_LED_CREDIT></PACKAGE_LED_CREDIT>
          <INH_DEBIT>0</INH_DEBIT>
          <INH_CREDIT>0</INH_CREDIT>
          <NON_REVENUE_AMT>210177</NON_REVENUE_AMT>
          <TODAYS_ACCRUALS>0</TODAYS_ACCRUALS>
          <DEPOSIT_AT_CHECKIN></DEPOSIT_AT_CHECKIN>
          <PACKAGE_LED_TAX>0</PACKAGE_LED_TAX>
          <DEP_TAX_LED_DEBIT>0</DEP_TAX_LED_DEBIT>
          <OWNER_LED_DEBIT>0</OWNER_LED_DEBIT>
          <OWNER_LED_CREDIT></OWNER_LED_CREDIT>
          <DEP_LED_DEBIT_PL_CZ>0</DEP_LED_DEBIT_PL_CZ>
          <LIST_G_CURRENCY_DETAILS>
          </LIST_G_CURRENCY_DETAILS>
          <CS_CURRENCY_COUNT>0</CS_CURRENCY_COUNT>
        </G_TRX_CODE>
        <G_TRX_CODE>
          <TRX_CODE_SORT>        9129        </TRX_CODE_SORT>
          <TRX_CODE>9129</TRX_CODE>
          <DESCRIPTION>BC Card Manual</DESCRIPTION>
          <TB_AMOUNT>-1261800</TB_AMOUNT>
          <TRX_DATE>09-APR-24</TRX_DATE>
          <NET_AMOUNT>0</NET_AMOUNT>
          <GUEST_LED_DEBIT></GUEST_LED_DEBIT>
          <GUEST_LED_CREDIT>-1261800</GUEST_LED_CREDIT>
          <AR_LED_DEBIT>1261800</AR_LED_DEBIT>
          <AR_LED_CREDIT></AR_LED_CREDIT>
          <DEP_LED_DEBIT></DEP_LED_DEBIT>
          <DEP_LED_CREDIT></DEP_LED_CREDIT>
          <PACKAGE_LED_DEBIT></PACKAGE_LED_DEBIT>
          <PACKAGE_LED_CREDIT></PACKAGE_LED_CREDIT>
          <INH_DEBIT>0</INH_DEBIT>
          <INH_CREDIT>0</INH_CREDIT>
          <NON_REVENUE_AMT>1261800</NON_REVENUE_AMT>
          <TODAYS_ACCRUALS>0</TODAYS_ACCRUALS>
          <DEPOSIT_AT_CHECKIN></DEPOSIT_AT_CHECKIN>
          <PACKAGE_LED_TAX>0</PACKAGE_LED_TAX>
          <DEP_TAX_LED_DEBIT>0</DEP_TAX_LED_DEBIT>
          <OWNER_LED_DEBIT>0</OWNER_LED_DEBIT>
          <OWNER_LED_CREDIT></OWNER_LED_CREDIT>
          <DEP_LED_DEBIT_PL_CZ>0</DEP_LED_DEBIT_PL_CZ>
          <LIST_G_CURRENCY_DETAILS>
          </LIST_G_CURRENCY_DETAILS>
          <CS_CURRENCY_COUNT>0</CS_CURRENCY_COUNT>
        </G_TRX_CODE>
        <G_TRX_CODE>
          <TRX_CODE_SORT>        9133        </TRX_CODE_SORT>
          <TRX_CODE>9133</TRX_CODE>
          <DESCRIPTION>Hyundai Card Manual</DESCRIPTION>
          <TB_AMOUNT>-16500</TB_AMOUNT>
          <TRX_DATE>09-APR-24</TRX_DATE>
          <NET_AMOUNT>0</NET_AMOUNT>
          <GUEST_LED_DEBIT></GUEST_LED_DEBIT>
          <GUEST_LED_CREDIT>-16500</GUEST_LED_CREDIT>
          <AR_LED_DEBIT>16500</AR_LED_DEBIT>
          <AR_LED_CREDIT></AR_LED_CREDIT>
          <DEP_LED_DEBIT></DEP_LED_DEBIT>
          <DEP_LED_CREDIT></DEP_LED_CREDIT>
          <PACKAGE_LED_DEBIT></PACKAGE_LED_DEBIT>
          <PACKAGE_LED_CREDIT></PACKAGE_LED_CREDIT>
          <INH_DEBIT>0</INH_DEBIT>
          <INH_CREDIT>0</INH_CREDIT>
          <NON_REVENUE_AMT>16500</NON_REVENUE_AMT>
          <TODAYS_ACCRUALS>0</TODAYS_ACCRUALS>
          <DEPOSIT_AT_CHECKIN></DEPOSIT_AT_CHECKIN>
          <PACKAGE_LED_TAX>0</PACKAGE_LED_TAX>
          <DEP_TAX_LED_DEBIT>0</DEP_TAX_LED_DEBIT>
          <OWNER_LED_DEBIT>0</OWNER_LED_DEBIT>
          <OWNER_LED_CREDIT></OWNER_LED_CREDIT>
          <DEP_LED_DEBIT_PL_CZ>0</DEP_LED_DEBIT_PL_CZ>
          <LIST_G_CURRENCY_DETAILS>
          </LIST_G_CURRENCY_DETAILS>
          <CS_CURRENCY_COUNT>0</CS_CURRENCY_COUNT>
        </G_TRX_CODE>
        <G_TRX_CODE>
          <TRX_CODE_SORT>        9141        </TRX_CODE_SORT>
          <TRX_CODE>9141</TRX_CODE>
          <DESCRIPTION>URi Cards Manual</DESCRIPTION>
          <TB_AMOUNT>-279329</TB_AMOUNT>
          <TRX_DATE>09-APR-24</TRX_DATE>
          <NET_AMOUNT>0</NET_AMOUNT>
          <GUEST_LED_DEBIT></GUEST_LED_DEBIT>
          <GUEST_LED_CREDIT>-279329</GUEST_LED_CREDIT>
          <AR_LED_DEBIT>279329</AR_LED_DEBIT>
          <AR_LED_CREDIT></AR_LED_CREDIT>
          <DEP_LED_DEBIT></DEP_LED_DEBIT>
          <DEP_LED_CREDIT></DEP_LED_CREDIT>
          <PACKAGE_LED_DEBIT></PACKAGE_LED_DEBIT>
          <PACKAGE_LED_CREDIT></PACKAGE_LED_CREDIT>
          <INH_DEBIT>0</INH_DEBIT>
          <INH_CREDIT>0</INH_CREDIT>
          <NON_REVENUE_AMT>279329</NON_REVENUE_AMT>
          <TODAYS_ACCRUALS>0</TODAYS_ACCRUALS>
          <DEPOSIT_AT_CHECKIN></DEPOSIT_AT_CHECKIN>
          <PACKAGE_LED_TAX>0</PACKAGE_LED_TAX>
          <DEP_TAX_LED_DEBIT>0</DEP_TAX_LED_DEBIT>
          <OWNER_LED_DEBIT>0</OWNER_LED_DEBIT>
          <OWNER_LED_CREDIT></OWNER_LED_CREDIT>
          <DEP_LED_DEBIT_PL_CZ>0</DEP_LED_DEBIT_PL_CZ>
          <LIST_G_CURRENCY_DETAILS>
          </LIST_G_CURRENCY_DETAILS>
          <CS_CURRENCY_COUNT>0</CS_CURRENCY_COUNT>
        </G_TRX_CODE>
      </LIST_G_TRX_CODE>
      <CS_TB_AMOUNT_TYPE>-8737482</CS_TB_AMOUNT_TYPE>
    </G_TRX_TYPE>
    <G_TRX_TYPE>
      <TRX_TYPE_SORT>5</TRX_TYPE_SORT>
      <TRX_TYPE>INTERNAL</TRX_TYPE>
      <TRX_TYPE_DESCRIPTION>Internal</TRX_TYPE_DESCRIPTION>
      <IS_TB_TRX_TYPE_01>0</IS_TB_TRX_TYPE_01>
      <LIST_G_TRX_CODE>
        <G_TRX_CODE>
          <TRX_CODE_SORT>        9004        </TRX_CODE_SORT>
          <TRX_CODE>9004</TRX_CODE>
          <DESCRIPTION>Deposit Transfer at C/I</DESCRIPTION>
          <TB_AMOUNT>0</TB_AMOUNT>
          <TRX_DATE>09-APR-24</TRX_DATE>
          <NET_AMOUNT>0</NET_AMOUNT>
          <GUEST_LED_DEBIT>0</GUEST_LED_DEBIT>
          <GUEST_LED_CREDIT>0</GUEST_LED_CREDIT>
          <AR_LED_DEBIT>0</AR_LED_DEBIT>
          <AR_LED_CREDIT></AR_LED_CREDIT>
          <DEP_LED_DEBIT>1121202</DEP_LED_DEBIT>
          <DEP_LED_CREDIT></DEP_LED_CREDIT>
          <PACKAGE_LED_DEBIT></PACKAGE_LED_DEBIT>
          <PACKAGE_LED_CREDIT></PACKAGE_LED_CREDIT>
          <INH_DEBIT>0</INH_DEBIT>
          <INH_CREDIT>0</INH_CREDIT>
          <NON_REVENUE_AMT>1121202</NON_REVENUE_AMT>
          <TODAYS_ACCRUALS>0</TODAYS_ACCRUALS>
          <DEPOSIT_AT_CHECKIN>1121202</DEPOSIT_AT_CHECKIN>
          <PACKAGE_LED_TAX>0</PACKAGE_LED_TAX>
          <DEP_TAX_LED_DEBIT>0</DEP_TAX_LED_DEBIT>
          <OWNER_LED_DEBIT>0</OWNER_LED_DEBIT>
          <OWNER_LED_CREDIT></OWNER_LED_CREDIT>
          <DEP_LED_DEBIT_PL_CZ>0</DEP_LED_DEBIT_PL_CZ>
          <LIST_G_CURRENCY_DETAILS>
          </LIST_G_CURRENCY_DETAILS>
          <CS_CURRENCY_COUNT>0</CS_CURRENCY_COUNT>
        </G_TRX_CODE>
        <G_TRX_CODE>
          <TRX_CODE_SORT>        9999        </TRX_CODE_SORT>
          <TRX_CODE>9999</TRX_CODE>
          <DESCRIPTION>Package Wrapper</DESCRIPTION>
          <TB_AMOUNT>0</TB_AMOUNT>
          <TRX_DATE>09-APR-24</TRX_DATE>
          <NET_AMOUNT>0</NET_AMOUNT>
          <GUEST_LED_DEBIT>2164972</GUEST_LED_DEBIT>
          <GUEST_LED_CREDIT></GUEST_LED_CREDIT>
          <AR_LED_DEBIT>0</AR_LED_DEBIT>
          <AR_LED_CREDIT></AR_LED_CREDIT>
          <DEP_LED_DEBIT></DEP_LED_DEBIT>
          <DEP_LED_CREDIT></DEP_LED_CREDIT>
          <PACKAGE_LED_DEBIT></PACKAGE_LED_DEBIT>
          <PACKAGE_LED_CREDIT>-2164972</PACKAGE_LED_CREDIT>
          <INH_DEBIT>0</INH_DEBIT>
          <INH_CREDIT>0</INH_CREDIT>
          <NON_REVENUE_AMT>4329944</NON_REVENUE_AMT>
          <TODAYS_ACCRUALS>-2164972</TODAYS_ACCRUALS>
          <DEPOSIT_AT_CHECKIN></DEPOSIT_AT_CHECKIN>
          <PACKAGE_LED_TAX>0</PACKAGE_LED_TAX>
          <DEP_TAX_LED_DEBIT>0</DEP_TAX_LED_DEBIT>
          <OWNER_LED_DEBIT>0</OWNER_LED_DEBIT>
          <OWNER_LED_CREDIT></OWNER_LED_CREDIT>
          <DEP_LED_DEBIT_PL_CZ>0</DEP_LED_DEBIT_PL_CZ>
          <LIST_G_CURRENCY_DETAILS>
          </LIST_G_CURRENCY_DETAILS>
          <CS_CURRENCY_COUNT>0</CS_CURRENCY_COUNT>
        </G_TRX_CODE>
      </LIST_G_TRX_CODE>
      <CS_TB_AMOUNT_TYPE>0</CS_TB_AMOUNT_TYPE>
    </G_TRX_TYPE>
  </LIST_G_TRX_TYPE>
  <LIST_G_CHK_BALANCE>
    <G_CHK_BALANCE>
      <CHK_BAL_CODE>CHK_BAL_GUEST_LEDGER</CHK_BAL_CODE>
      <CHK_BAL_VALUE>Guest Ledger is in balance</CHK_BAL_VALUE>
    </G_CHK_BALANCE>
    <G_CHK_BALANCE>
      <CHK_BAL_CODE>CHK_BAL_PACKAGE_LEDGER</CHK_BAL_CODE>
      <CHK_BAL_VALUE>Package Ledger is in balance</CHK_BAL_VALUE>
    </G_CHK_BALANCE>
    <G_CHK_BALANCE>
      <CHK_BAL_CODE>CHK_BAL_DEPOSIT_LEDGER</CHK_BAL_CODE>
      <CHK_BAL_VALUE>Deposit Ledger is in balance</CHK_BAL_VALUE>
    </G_CHK_BALANCE>
    <G_CHK_BALANCE>
      <CHK_BAL_CODE>CHK_BAL_AR_LEDGER</CHK_BAL_CODE>
      <CHK_BAL_VALUE>A/R Ledger is in balance</CHK_BAL_VALUE>
    </G_CHK_BALANCE>
    <G_CHK_BALANCE>
      <CHK_BAL_CODE>CHK_BAL_CASHIER_BALANCE</CHK_BAL_CODE>
      <CHK_BAL_VALUE>Cashiers are in balance</CHK_BAL_VALUE>
    </G_CHK_BALANCE>
    <G_CHK_BALANCE>
      <CHK_BAL_CODE>CHK_BAL_CO_WITH_BALANCE</CHK_BAL_CODE>
      <CHK_BAL_VALUE>There are no guests checked out with balance</CHK_BAL_VALUE>
    </G_CHK_BALANCE>
    <G_CHK_BALANCE>
      <CHK_BAL_CODE>CHK_BAL_INVALID_TRANSACTIONS</CHK_BAL_CODE>
      <CHK_BAL_VALUE>There are no invalid transactions</CHK_BAL_VALUE>
    </G_CHK_BALANCE>
    <G_CHK_BALANCE>
      <CHK_BAL_CODE>CHK_BAL_EFF_PACKAGE_LEDGER</CHK_BAL_CODE>
      <CHK_BAL_VALUE>Effective Package Ledger is in balance</CHK_BAL_VALUE>
    </G_CHK_BALANCE>
    <G_CHK_BALANCE>
      <CHK_BAL_CODE>CHK_BAL_CO_WITH_DEP_BALANCE</CHK_BAL_CODE>
      <CHK_BAL_VALUE>There are no guests checked out with deposit balance</CHK_BAL_VALUE>
    </G_CHK_BALANCE>
    <G_CHK_BALANCE>
      <CHK_BAL_CODE>CHK_BAL_DEP_LED_VS_GST_LED</CHK_BAL_CODE>
      <CHK_BAL_VALUE>There are no package ledger with guest ledger imbalances</CHK_BAL_VALUE>
    </G_CHK_BALANCE>
    <G_CHK_BALANCE>
      <CHK_BAL_CODE>CHK_BAL_TB_GUEST_LEDGER</CHK_BAL_CODE>
      <CHK_BAL_VALUE>No differences found in the guest ledger sections of the trial_balance report</CHK_BAL_VALUE>
    </G_CHK_BALANCE>
  </LIST_G_CHK_BALANCE>
  <CS_TB_AMOUNT_REP>1398503</CS_TB_AMOUNT_REP>
  <CS_GUEST_LED_DEBIT_REP>10135985</CS_GUEST_LED_DEBIT_REP>
  <CS_GUEST_LED_CREDIT_REP>-6731707</CS_GUEST_LED_CREDIT_REP>
  <CS_AR_LED_DEBIT_REP>8697880</CS_AR_LED_DEBIT_REP>
  <CS_AR_LED_CREDIT_REP>0</CS_AR_LED_CREDIT_REP>
  <CS_DEPOSIT_LED_DEBIT_REP>1121202</CS_DEPOSIT_LED_DEBIT_REP>
  <CS_DEPOSIT_LED_CREDIT_REP>-2005775</CS_DEPOSIT_LED_CREDIT_REP>
  <CS_PACKAGE_LED_DEBIT_REP>2164972</CS_PACKAGE_LED_DEBIT_REP>
  <CS_PACKAGE_LED_CREDIT_REP>-2164972</CS_PACKAGE_LED_CREDIT_REP>
  <CF_GUEST_LED_REP>11959372</CF_GUEST_LED_REP>
  <CF_AR_LED_REP>852535627</CF_AR_LED_REP>
  <CF_DEPOSIT_LED_REP>-50722237</CF_DEPOSIT_LED_REP>
  <CF_PACKAGE_LED_REP>0</CF_PACKAGE_LED_REP>
  <CP_GUEST_LED_DEBIT_YEST>4426333320</CP_GUEST_LED_DEBIT_YEST>
  <CP_GUEST_LED_CREDIT_YEST>-4416657024</CP_GUEST_LED_CREDIT_YEST>
  <CP_AR_LED_DEBIT_YEST>4405427572</CP_AR_LED_DEBIT_YEST>
  <CP_AR_LED_CREDIT_YEST>-3561589825</CP_AR_LED_CREDIT_YEST>
  <CP_DEPOSIT_LED_DEBIT_YEST>303742203</CP_DEPOSIT_LED_DEBIT_YEST>
  <CP_DEPOSIT_LED_CREDIT_YEST>-353579867</CP_DEPOSIT_LED_CREDIT_YEST>
  <CP_PACKAGE_LED_DEBIT_YEST>287773085</CP_PACKAGE_LED_DEBIT_YEST>
  <CP_PACKAGE_LED_CREDIT_YEST>-287773085</CP_PACKAGE_LED_CREDIT_YEST>
  <CP_TB_BALANCE_YEST>9676296</CP_TB_BALANCE_YEST>
  <CF_GUEST_LED_YEST>9676296</CF_GUEST_LED_YEST>
  <CF_CALC_PREVIOUS_BALANCE></CF_CALC_PREVIOUS_BALANCE>
  <CF_AR_LED_YEST>843837747</CF_AR_LED_YEST>
  <CF_DEPOSIT_LED_YEST>-49837664</CF_DEPOSIT_LED_YEST>
  <CF_PACKAGE_LED_YEST>0</CF_PACKAGE_LED_YEST>
  <CF_TB_BALANCE_TODAY>11074799</CF_TB_BALANCE_TODAY>
  <CP_INH_DEBIT_YEST>0</CP_INH_DEBIT_YEST>
  <CP_INH_CREDIT_YEST>0</CP_INH_CREDIT_YEST>
  <CF_INH_YEST>0</CF_INH_YEST>
  <CS_INH_DEBIT_REP>0</CS_INH_DEBIT_REP>
  <CS_INH_CREDIT_REP>0</CS_INH_CREDIT_REP>
  <CF_INH_REP>0</CF_INH_REP>
  <CF_FUTURE_ACCRUALS>0</CF_FUTURE_ACCRUALS>
  <CF_PACKAGE_LED_TODAY>0</CF_PACKAGE_LED_TODAY>
  <CP_PACKAGE_ACCRUALS>0</CP_PACKAGE_ACCRUALS>
  <CF_TBMSG>***Values shown above are preliminary figures of the daily revenues for the unclosed business date. Figures may change once the business date has been closed and the report is re-generated.</CF_TBMSG>
  <CS_ACCRUALS_TODAY>0</CS_ACCRUALS_TODAY>
  <CF_BALANCE_TODAY>11959372</CF_BALANCE_TODAY>
  <CS_DEPOSIT_AT_CHECKIN>1121202</CS_DEPOSIT_AT_CHECKIN>
  <CF_BAL_CARRIED_FORWARD>11959372</CF_BAL_CARRIED_FORWARD>
  <CF_DEPOSIT_ACTIVITY_REP>-884573</CF_DEPOSIT_ACTIVITY_REP>
  <CF_HOTEL_LEDGER_TODAY>813772762</CF_HOTEL_LEDGER_TODAY>
  <CP_PACKAGE_LED_TAX_YEST>0</CP_PACKAGE_LED_TAX_YEST>
  <CF_LOGO></CF_LOGO>
  <CS_DEPOSIT_TAX_LED_DEBIT_REP>0</CS_DEPOSIT_TAX_LED_DEBIT_REP>
  <CS_OWNER_LED_CREDIT_REP></CS_OWNER_LED_CREDIT_REP>
  <CS_OWNER_LED_DEBIT_REP>0</CS_OWNER_LED_DEBIT_REP>
  <CF_OWNER_LED_REP>0</CF_OWNER_LED_REP>
  <CP_OWNER_LED_DEBIT_YEST>0</CP_OWNER_LED_DEBIT_YEST>
  <CP_OWNER_LED_CREDIT_YEST>0</CP_OWNER_LED_CREDIT_YEST>
  <CF_OWNER_LED_YEST>0</CF_OWNER_LED_YEST>
  <CS_DEPOSIT_LED_ACTIVITY_REP>0</CS_DEPOSIT_LED_ACTIVITY_REP>
  <CP_DEP_LED_DEBIT_PL_CZ></CP_DEP_LED_DEBIT_PL_CZ>
</TRIAL_BALANCE>
