<?xml version="1.0" encoding="UTF-8"?>
<!-- Generated by Oracle Reports version 12.2.1.4.0 -->
<TRIAL_BALANCE>
  <LIST_G_TRX_TYPE>
    <G_TRX_TYPE>
      <TRX_TYPE_SORT>1</TRX_TYPE_SORT>
      <TRX_TYPE>REVENUE</TRX_TYPE>
      <TRX_TYPE_DESCRIPTION>Revenue</TRX_TYPE_DESCRIPTION>
      <IS_TB_TRX_TYPE_01>1</IS_TB_TRX_TYPE_01>
      <LIST_G_TRX_CODE>
        <G_TRX_CODE>
          <TRX_CODE_SORT>        1000        </TRX_CODE_SORT>
          <TRX_CODE>1000</TRX_CODE>
          <DESCRIPTION>Accommodation</DESCRIPTION>
          <TB_AMOUNT>10014951</TB_AMOUNT>
          <TRX_DATE>24-NOV-23</TRX_DATE>
          <NET_AMOUNT>10014951</NET_AMOUNT>
          <GUEST_LED_DEBIT>8960761</GUEST_LED_DEBIT>
          <GUEST_LED_CREDIT></GUEST_LED_CREDIT>
          <AR_LED_DEBIT>0</AR_LED_DEBIT>
          <AR_LED_CREDIT></AR_LED_CREDIT>
          <DEP_LED_DEBIT>0</DEP_LED_DEBIT>
          <DEP_LED_CREDIT></DEP_LED_CREDIT>
          <PACKAGE_LED_DEBIT>1054190</PACKAGE_LED_DEBIT>
          <PACKAGE_LED_CREDIT></PACKAGE_LED_CREDIT>
          <INH_DEBIT>0</INH_DEBIT>
          <INH_CREDIT>0</INH_CREDIT>
          <NON_REVENUE_AMT>0</NON_REVENUE_AMT>
          <TODAYS_ACCRUALS>1054190</TODAYS_ACCRUALS>
          <DEPOSIT_AT_CHECKIN></DEPOSIT_AT_CHECKIN>
          <PACKAGE_LED_TAX>0</PACKAGE_LED_TAX>
          <DEP_TAX_LED_DEBIT>0</DEP_TAX_LED_DEBIT>
          <OWNER_LED_DEBIT>0</OWNER_LED_DEBIT>
          <OWNER_LED_CREDIT></OWNER_LED_CREDIT>
          <DEP_LED_DEBIT_PL_CZ>0</DEP_LED_DEBIT_PL_CZ>
          <LIST_G_CURRENCY_DETAILS>
          </LIST_G_CURRENCY_DETAILS>
          <CS_CURRENCY_COUNT>0</CS_CURRENCY_COUNT>
        </G_TRX_CODE>
        <G_TRX_CODE>
          <TRX_CODE_SORT>        1004        </TRX_CODE_SORT>
          <TRX_CODE>1004</TRX_CODE>
          <DESCRIPTION>No Show</DESCRIPTION>
          <TB_AMOUNT>351816</TB_AMOUNT>
          <TRX_DATE>24-NOV-23</TRX_DATE>
          <NET_AMOUNT>351816</NET_AMOUNT>
          <GUEST_LED_DEBIT>351816</GUEST_LED_DEBIT>
          <GUEST_LED_CREDIT></GUEST_LED_CREDIT>
          <AR_LED_DEBIT>0</AR_LED_DEBIT>
          <AR_LED_CREDIT></AR_LED_CREDIT>
          <DEP_LED_DEBIT>0</DEP_LED_DEBIT>
          <DEP_LED_CREDIT></DEP_LED_CREDIT>
          <PACKAGE_LED_DEBIT></PACKAGE_LED_DEBIT>
          <PACKAGE_LED_CREDIT></PACKAGE_LED_CREDIT>
          <INH_DEBIT>0</INH_DEBIT>
          <INH_CREDIT>0</INH_CREDIT>
          <NON_REVENUE_AMT>0</NON_REVENUE_AMT>
          <TODAYS_ACCRUALS>0</TODAYS_ACCRUALS>
          <DEPOSIT_AT_CHECKIN></DEPOSIT_AT_CHECKIN>
          <PACKAGE_LED_TAX>0</PACKAGE_LED_TAX>
          <DEP_TAX_LED_DEBIT>0</DEP_TAX_LED_DEBIT>
          <OWNER_LED_DEBIT>0</OWNER_LED_DEBIT>
          <OWNER_LED_CREDIT></OWNER_LED_CREDIT>
          <DEP_LED_DEBIT_PL_CZ>0</DEP_LED_DEBIT_PL_CZ>
          <LIST_G_CURRENCY_DETAILS>
          </LIST_G_CURRENCY_DETAILS>
          <CS_CURRENCY_COUNT>0</CS_CURRENCY_COUNT>
        </G_TRX_CODE>
        <G_TRX_CODE>
          <TRX_CODE_SORT>        1009        </TRX_CODE_SORT>
          <TRX_CODE>1009</TRX_CODE>
          <DESCRIPTION>Late Departure</DESCRIPTION>
          <TB_AMOUNT>30000</TB_AMOUNT>
          <TRX_DATE>24-NOV-23</TRX_DATE>
          <NET_AMOUNT>30000</NET_AMOUNT>
          <GUEST_LED_DEBIT>30000</GUEST_LED_DEBIT>
          <GUEST_LED_CREDIT></GUEST_LED_CREDIT>
          <AR_LED_DEBIT>0</AR_LED_DEBIT>
          <AR_LED_CREDIT></AR_LED_CREDIT>
          <DEP_LED_DEBIT>0</DEP_LED_DEBIT>
          <DEP_LED_CREDIT></DEP_LED_CREDIT>
          <PACKAGE_LED_DEBIT></PACKAGE_LED_DEBIT>
          <PACKAGE_LED_CREDIT></PACKAGE_LED_CREDIT>
          <INH_DEBIT>0</INH_DEBIT>
          <INH_CREDIT>0</INH_CREDIT>
          <NON_REVENUE_AMT>0</NON_REVENUE_AMT>
          <TODAYS_ACCRUALS>0</TODAYS_ACCRUALS>
          <DEPOSIT_AT_CHECKIN></DEPOSIT_AT_CHECKIN>
          <PACKAGE_LED_TAX>0</PACKAGE_LED_TAX>
          <DEP_TAX_LED_DEBIT>0</DEP_TAX_LED_DEBIT>
          <OWNER_LED_DEBIT>0</OWNER_LED_DEBIT>
          <OWNER_LED_CREDIT></OWNER_LED_CREDIT>
          <DEP_LED_DEBIT_PL_CZ>0</DEP_LED_DEBIT_PL_CZ>
          <LIST_G_CURRENCY_DETAILS>
          </LIST_G_CURRENCY_DETAILS>
          <CS_CURRENCY_COUNT>0</CS_CURRENCY_COUNT>
        </G_TRX_CODE>
        <G_TRX_CODE>
          <TRX_CODE_SORT>        2006        </TRX_CODE_SORT>
          <TRX_CODE>2006</TRX_CODE>
          <DESCRIPTION>Taste Breakfast Package</DESCRIPTION>
          <TB_AMOUNT>525000</TB_AMOUNT>
          <TRX_DATE>24-NOV-23</TRX_DATE>
          <NET_AMOUNT>525000</NET_AMOUNT>
          <GUEST_LED_DEBIT>345000</GUEST_LED_DEBIT>
          <GUEST_LED_CREDIT></GUEST_LED_CREDIT>
          <AR_LED_DEBIT>0</AR_LED_DEBIT>
          <AR_LED_CREDIT></AR_LED_CREDIT>
          <DEP_LED_DEBIT>0</DEP_LED_DEBIT>
          <DEP_LED_CREDIT></DEP_LED_CREDIT>
          <PACKAGE_LED_DEBIT>180000</PACKAGE_LED_DEBIT>
          <PACKAGE_LED_CREDIT></PACKAGE_LED_CREDIT>
          <INH_DEBIT>0</INH_DEBIT>
          <INH_CREDIT>0</INH_CREDIT>
          <NON_REVENUE_AMT>0</NON_REVENUE_AMT>
          <TODAYS_ACCRUALS>180000</TODAYS_ACCRUALS>
          <DEPOSIT_AT_CHECKIN></DEPOSIT_AT_CHECKIN>
          <PACKAGE_LED_TAX>0</PACKAGE_LED_TAX>
          <DEP_TAX_LED_DEBIT>0</DEP_TAX_LED_DEBIT>
          <OWNER_LED_DEBIT>0</OWNER_LED_DEBIT>
          <OWNER_LED_CREDIT></OWNER_LED_CREDIT>
          <DEP_LED_DEBIT_PL_CZ>0</DEP_LED_DEBIT_PL_CZ>
          <LIST_G_CURRENCY_DETAILS>
          </LIST_G_CURRENCY_DETAILS>
          <CS_CURRENCY_COUNT>0</CS_CURRENCY_COUNT>
        </G_TRX_CODE>
        <G_TRX_CODE>
          <TRX_CODE_SORT>        3502        </TRX_CODE_SORT>
          <TRX_CODE>3502</TRX_CODE>
          <DESCRIPTION>BQT Miscellaneous</DESCRIPTION>
          <TB_AMOUNT>800000</TB_AMOUNT>
          <TRX_DATE>24-NOV-23</TRX_DATE>
          <NET_AMOUNT>800000</NET_AMOUNT>
          <GUEST_LED_DEBIT>800000</GUEST_LED_DEBIT>
          <GUEST_LED_CREDIT></GUEST_LED_CREDIT>
          <AR_LED_DEBIT>0</AR_LED_DEBIT>
          <AR_LED_CREDIT></AR_LED_CREDIT>
          <DEP_LED_DEBIT>0</DEP_LED_DEBIT>
          <DEP_LED_CREDIT></DEP_LED_CREDIT>
          <PACKAGE_LED_DEBIT></PACKAGE_LED_DEBIT>
          <PACKAGE_LED_CREDIT></PACKAGE_LED_CREDIT>
          <INH_DEBIT>0</INH_DEBIT>
          <INH_CREDIT>0</INH_CREDIT>
          <NON_REVENUE_AMT>0</NON_REVENUE_AMT>
          <TODAYS_ACCRUALS>0</TODAYS_ACCRUALS>
          <DEPOSIT_AT_CHECKIN></DEPOSIT_AT_CHECKIN>
          <PACKAGE_LED_TAX>0</PACKAGE_LED_TAX>
          <DEP_TAX_LED_DEBIT>0</DEP_TAX_LED_DEBIT>
          <OWNER_LED_DEBIT>0</OWNER_LED_DEBIT>
          <OWNER_LED_CREDIT></OWNER_LED_CREDIT>
          <DEP_LED_DEBIT_PL_CZ>0</DEP_LED_DEBIT_PL_CZ>
          <LIST_G_CURRENCY_DETAILS>
          </LIST_G_CURRENCY_DETAILS>
          <CS_CURRENCY_COUNT>0</CS_CURRENCY_COUNT>
        </G_TRX_CODE>
      </LIST_G_TRX_CODE>
      <CS_TB_AMOUNT_TYPE>11721767</CS_TB_AMOUNT_TYPE>
    </G_TRX_TYPE>
    <G_TRX_TYPE>
      <TRX_TYPE_SORT>3</TRX_TYPE_SORT>
      <TRX_TYPE>NON REVENUE</TRX_TYPE>
      <TRX_TYPE_DESCRIPTION>Non Revenue</TRX_TYPE_DESCRIPTION>
      <IS_TB_TRX_TYPE_01>1</IS_TB_TRX_TYPE_01>
      <LIST_G_TRX_CODE>
        <G_TRX_CODE>
          <TRX_CODE_SORT>        7501        </TRX_CODE_SORT>
          <TRX_CODE>7501</TRX_CODE>
          <DESCRIPTION>Acomdomation VAT</DESCRIPTION>
          <TB_AMOUNT>1039682</TB_AMOUNT>
          <TRX_DATE>24-NOV-23</TRX_DATE>
          <NET_AMOUNT>1039682</NET_AMOUNT>
          <GUEST_LED_DEBIT>1039682</GUEST_LED_DEBIT>
          <GUEST_LED_CREDIT></GUEST_LED_CREDIT>
          <AR_LED_DEBIT>0</AR_LED_DEBIT>
          <AR_LED_CREDIT></AR_LED_CREDIT>
          <DEP_LED_DEBIT>0</DEP_LED_DEBIT>
          <DEP_LED_CREDIT></DEP_LED_CREDIT>
          <PACKAGE_LED_DEBIT></PACKAGE_LED_DEBIT>
          <PACKAGE_LED_CREDIT></PACKAGE_LED_CREDIT>
          <INH_DEBIT>0</INH_DEBIT>
          <INH_CREDIT>0</INH_CREDIT>
          <NON_REVENUE_AMT>1039682</NON_REVENUE_AMT>
          <TODAYS_ACCRUALS>0</TODAYS_ACCRUALS>
          <DEPOSIT_AT_CHECKIN></DEPOSIT_AT_CHECKIN>
          <PACKAGE_LED_TAX></PACKAGE_LED_TAX>
          <DEP_TAX_LED_DEBIT>0</DEP_TAX_LED_DEBIT>
          <OWNER_LED_DEBIT>0</OWNER_LED_DEBIT>
          <OWNER_LED_CREDIT></OWNER_LED_CREDIT>
          <DEP_LED_DEBIT_PL_CZ>0</DEP_LED_DEBIT_PL_CZ>
          <LIST_G_CURRENCY_DETAILS>
          </LIST_G_CURRENCY_DETAILS>
          <CS_CURRENCY_COUNT>0</CS_CURRENCY_COUNT>
        </G_TRX_CODE>
        <G_TRX_CODE>
          <TRX_CODE_SORT>        7504        </TRX_CODE_SORT>
          <TRX_CODE>7504</TRX_CODE>
          <DESCRIPTION>Taste Tax</DESCRIPTION>
          <TB_AMOUNT>52500</TB_AMOUNT>
          <TRX_DATE>24-NOV-23</TRX_DATE>
          <NET_AMOUNT>52500</NET_AMOUNT>
          <GUEST_LED_DEBIT>52500</GUEST_LED_DEBIT>
          <GUEST_LED_CREDIT></GUEST_LED_CREDIT>
          <AR_LED_DEBIT>0</AR_LED_DEBIT>
          <AR_LED_CREDIT></AR_LED_CREDIT>
          <DEP_LED_DEBIT>0</DEP_LED_DEBIT>
          <DEP_LED_CREDIT></DEP_LED_CREDIT>
          <PACKAGE_LED_DEBIT></PACKAGE_LED_DEBIT>
          <PACKAGE_LED_CREDIT></PACKAGE_LED_CREDIT>
          <INH_DEBIT>0</INH_DEBIT>
          <INH_CREDIT>0</INH_CREDIT>
          <NON_REVENUE_AMT>52500</NON_REVENUE_AMT>
          <TODAYS_ACCRUALS>0</TODAYS_ACCRUALS>
          <DEPOSIT_AT_CHECKIN></DEPOSIT_AT_CHECKIN>
          <PACKAGE_LED_TAX></PACKAGE_LED_TAX>
          <DEP_TAX_LED_DEBIT>0</DEP_TAX_LED_DEBIT>
          <OWNER_LED_DEBIT>0</OWNER_LED_DEBIT>
          <OWNER_LED_CREDIT></OWNER_LED_CREDIT>
          <DEP_LED_DEBIT_PL_CZ>0</DEP_LED_DEBIT_PL_CZ>
          <LIST_G_CURRENCY_DETAILS>
          </LIST_G_CURRENCY_DETAILS>
          <CS_CURRENCY_COUNT>0</CS_CURRENCY_COUNT>
        </G_TRX_CODE>
        <G_TRX_CODE>
          <TRX_CODE_SORT>        7564        </TRX_CODE_SORT>
          <TRX_CODE>7564</TRX_CODE>
          <DESCRIPTION>BQ Tax</DESCRIPTION>
          <TB_AMOUNT>80000</TB_AMOUNT>
          <TRX_DATE>24-NOV-23</TRX_DATE>
          <NET_AMOUNT>80000</NET_AMOUNT>
          <GUEST_LED_DEBIT>80000</GUEST_LED_DEBIT>
          <GUEST_LED_CREDIT></GUEST_LED_CREDIT>
          <AR_LED_DEBIT>0</AR_LED_DEBIT>
          <AR_LED_CREDIT></AR_LED_CREDIT>
          <DEP_LED_DEBIT>0</DEP_LED_DEBIT>
          <DEP_LED_CREDIT></DEP_LED_CREDIT>
          <PACKAGE_LED_DEBIT></PACKAGE_LED_DEBIT>
          <PACKAGE_LED_CREDIT></PACKAGE_LED_CREDIT>
          <INH_DEBIT>0</INH_DEBIT>
          <INH_CREDIT>0</INH_CREDIT>
          <NON_REVENUE_AMT>80000</NON_REVENUE_AMT>
          <TODAYS_ACCRUALS>0</TODAYS_ACCRUALS>
          <DEPOSIT_AT_CHECKIN></DEPOSIT_AT_CHECKIN>
          <PACKAGE_LED_TAX></PACKAGE_LED_TAX>
          <DEP_TAX_LED_DEBIT>0</DEP_TAX_LED_DEBIT>
          <OWNER_LED_DEBIT>0</OWNER_LED_DEBIT>
          <OWNER_LED_CREDIT></OWNER_LED_CREDIT>
          <DEP_LED_DEBIT_PL_CZ>0</DEP_LED_DEBIT_PL_CZ>
          <LIST_G_CURRENCY_DETAILS>
          </LIST_G_CURRENCY_DETAILS>
          <CS_CURRENCY_COUNT>0</CS_CURRENCY_COUNT>
        </G_TRX_CODE>
        <G_TRX_CODE>
          <TRX_CODE_SORT>        9945        </TRX_CODE_SORT>
          <TRX_CODE>9945</TRX_CODE>
          <DESCRIPTION>Credit Card Consolidation</DESCRIPTION>
          <TB_AMOUNT>0</TB_AMOUNT>
          <TRX_DATE>24-NOV-23</TRX_DATE>
          <NET_AMOUNT>0</NET_AMOUNT>
          <GUEST_LED_DEBIT>0</GUEST_LED_DEBIT>
          <GUEST_LED_CREDIT>0</GUEST_LED_CREDIT>
          <AR_LED_DEBIT>0</AR_LED_DEBIT>
          <AR_LED_CREDIT></AR_LED_CREDIT>
          <DEP_LED_DEBIT>0</DEP_LED_DEBIT>
          <DEP_LED_CREDIT></DEP_LED_CREDIT>
          <PACKAGE_LED_DEBIT></PACKAGE_LED_DEBIT>
          <PACKAGE_LED_CREDIT></PACKAGE_LED_CREDIT>
          <INH_DEBIT>0</INH_DEBIT>
          <INH_CREDIT>0</INH_CREDIT>
          <NON_REVENUE_AMT>8950381</NON_REVENUE_AMT>
          <TODAYS_ACCRUALS>0</TODAYS_ACCRUALS>
          <DEPOSIT_AT_CHECKIN></DEPOSIT_AT_CHECKIN>
          <PACKAGE_LED_TAX>0</PACKAGE_LED_TAX>
          <DEP_TAX_LED_DEBIT>0</DEP_TAX_LED_DEBIT>
          <OWNER_LED_DEBIT>0</OWNER_LED_DEBIT>
          <OWNER_LED_CREDIT></OWNER_LED_CREDIT>
          <DEP_LED_DEBIT_PL_CZ>0</DEP_LED_DEBIT_PL_CZ>
          <LIST_G_CURRENCY_DETAILS>
          </LIST_G_CURRENCY_DETAILS>
          <CS_CURRENCY_COUNT>0</CS_CURRENCY_COUNT>
        </G_TRX_CODE>
      </LIST_G_TRX_CODE>
      <CS_TB_AMOUNT_TYPE>1172182</CS_TB_AMOUNT_TYPE>
    </G_TRX_TYPE>
    <G_TRX_TYPE>
      <TRX_TYPE_SORT>4</TRX_TYPE_SORT>
      <TRX_TYPE>PAYMENT</TRX_TYPE>
      <TRX_TYPE_DESCRIPTION>Payment</TRX_TYPE_DESCRIPTION>
      <IS_TB_TRX_TYPE_01>1</IS_TB_TRX_TYPE_01>
      <LIST_G_TRX_CODE>
        <G_TRX_CODE>
          <TRX_CODE_SORT>        9000        </TRX_CODE_SORT>
          <TRX_CODE>9000</TRX_CODE>
          <DESCRIPTION>Cash</DESCRIPTION>
          <TB_AMOUNT>1</TB_AMOUNT>
          <TRX_DATE>24-NOV-23</TRX_DATE>
          <NET_AMOUNT>0</NET_AMOUNT>
          <GUEST_LED_DEBIT></GUEST_LED_DEBIT>
          <GUEST_LED_CREDIT>1</GUEST_LED_CREDIT>
          <AR_LED_DEBIT>0</AR_LED_DEBIT>
          <AR_LED_CREDIT></AR_LED_CREDIT>
          <DEP_LED_DEBIT></DEP_LED_DEBIT>
          <DEP_LED_CREDIT></DEP_LED_CREDIT>
          <PACKAGE_LED_DEBIT></PACKAGE_LED_DEBIT>
          <PACKAGE_LED_CREDIT></PACKAGE_LED_CREDIT>
          <INH_DEBIT>0</INH_DEBIT>
          <INH_CREDIT>0</INH_CREDIT>
          <NON_REVENUE_AMT>-1</NON_REVENUE_AMT>
          <TODAYS_ACCRUALS>0</TODAYS_ACCRUALS>
          <DEPOSIT_AT_CHECKIN></DEPOSIT_AT_CHECKIN>
          <PACKAGE_LED_TAX>0</PACKAGE_LED_TAX>
          <DEP_TAX_LED_DEBIT>0</DEP_TAX_LED_DEBIT>
          <OWNER_LED_DEBIT>0</OWNER_LED_DEBIT>
          <OWNER_LED_CREDIT></OWNER_LED_CREDIT>
          <DEP_LED_DEBIT_PL_CZ>0</DEP_LED_DEBIT_PL_CZ>
          <LIST_G_CURRENCY_DETAILS>
          </LIST_G_CURRENCY_DETAILS>
          <CS_CURRENCY_COUNT>0</CS_CURRENCY_COUNT>
        </G_TRX_CODE>
        <G_TRX_CODE>
          <TRX_CODE_SORT>        9003        </TRX_CODE_SORT>
          <TRX_CODE>9003</TRX_CODE>
          <DESCRIPTION>City Ledger</DESCRIPTION>
          <TB_AMOUNT>-232254</TB_AMOUNT>
          <TRX_DATE>24-NOV-23</TRX_DATE>
          <NET_AMOUNT>0</NET_AMOUNT>
          <GUEST_LED_DEBIT>0</GUEST_LED_DEBIT>
          <GUEST_LED_CREDIT>-232254</GUEST_LED_CREDIT>
          <AR_LED_DEBIT>232254</AR_LED_DEBIT>
          <AR_LED_CREDIT></AR_LED_CREDIT>
          <DEP_LED_DEBIT></DEP_LED_DEBIT>
          <DEP_LED_CREDIT></DEP_LED_CREDIT>
          <PACKAGE_LED_DEBIT></PACKAGE_LED_DEBIT>
          <PACKAGE_LED_CREDIT></PACKAGE_LED_CREDIT>
          <INH_DEBIT>0</INH_DEBIT>
          <INH_CREDIT>0</INH_CREDIT>
          <NON_REVENUE_AMT>0</NON_REVENUE_AMT>
          <TODAYS_ACCRUALS>0</TODAYS_ACCRUALS>
          <DEPOSIT_AT_CHECKIN></DEPOSIT_AT_CHECKIN>
          <PACKAGE_LED_TAX>0</PACKAGE_LED_TAX>
          <DEP_TAX_LED_DEBIT>0</DEP_TAX_LED_DEBIT>
          <OWNER_LED_DEBIT>0</OWNER_LED_DEBIT>
          <OWNER_LED_CREDIT></OWNER_LED_CREDIT>
          <DEP_LED_DEBIT_PL_CZ>0</DEP_LED_DEBIT_PL_CZ>
          <LIST_G_CURRENCY_DETAILS>
          </LIST_G_CURRENCY_DETAILS>
          <CS_CURRENCY_COUNT>0</CS_CURRENCY_COUNT>
        </G_TRX_CODE>
        <G_TRX_CODE>
          <TRX_CODE_SORT>        9101        </TRX_CODE_SORT>
          <TRX_CODE>9101</TRX_CODE>
          <DESCRIPTION>Visa Card Manual</DESCRIPTION>
          <TB_AMOUNT>-2673232</TB_AMOUNT>
          <TRX_DATE>24-NOV-23</TRX_DATE>
          <NET_AMOUNT>0</NET_AMOUNT>
          <GUEST_LED_DEBIT></GUEST_LED_DEBIT>
          <GUEST_LED_CREDIT>-2132190</GUEST_LED_CREDIT>
          <AR_LED_DEBIT>2673232</AR_LED_DEBIT>
          <AR_LED_CREDIT></AR_LED_CREDIT>
          <DEP_LED_DEBIT></DEP_LED_DEBIT>
          <DEP_LED_CREDIT>-541042</DEP_LED_CREDIT>
          <PACKAGE_LED_DEBIT></PACKAGE_LED_DEBIT>
          <PACKAGE_LED_CREDIT></PACKAGE_LED_CREDIT>
          <INH_DEBIT>0</INH_DEBIT>
          <INH_CREDIT>0</INH_CREDIT>
          <NON_REVENUE_AMT>2673232</NON_REVENUE_AMT>
          <TODAYS_ACCRUALS>0</TODAYS_ACCRUALS>
          <DEPOSIT_AT_CHECKIN></DEPOSIT_AT_CHECKIN>
          <PACKAGE_LED_TAX>0</PACKAGE_LED_TAX>
          <DEP_TAX_LED_DEBIT>0</DEP_TAX_LED_DEBIT>
          <OWNER_LED_DEBIT>0</OWNER_LED_DEBIT>
          <OWNER_LED_CREDIT></OWNER_LED_CREDIT>
          <DEP_LED_DEBIT_PL_CZ>0</DEP_LED_DEBIT_PL_CZ>
          <LIST_G_CURRENCY_DETAILS>
          </LIST_G_CURRENCY_DETAILS>
          <CS_CURRENCY_COUNT>0</CS_CURRENCY_COUNT>
        </G_TRX_CODE>
        <G_TRX_CODE>
          <TRX_CODE_SORT>        9103        </TRX_CODE_SORT>
          <TRX_CODE>9103</TRX_CODE>
          <DESCRIPTION>Amex Card Manual</DESCRIPTION>
          <TB_AMOUNT>198000</TB_AMOUNT>
          <TRX_DATE>24-NOV-23</TRX_DATE>
          <NET_AMOUNT>0</NET_AMOUNT>
          <GUEST_LED_DEBIT></GUEST_LED_DEBIT>
          <GUEST_LED_CREDIT>198000</GUEST_LED_CREDIT>
          <AR_LED_DEBIT>-198000</AR_LED_DEBIT>
          <AR_LED_CREDIT></AR_LED_CREDIT>
          <DEP_LED_DEBIT></DEP_LED_DEBIT>
          <DEP_LED_CREDIT></DEP_LED_CREDIT>
          <PACKAGE_LED_DEBIT></PACKAGE_LED_DEBIT>
          <PACKAGE_LED_CREDIT></PACKAGE_LED_CREDIT>
          <INH_DEBIT>0</INH_DEBIT>
          <INH_CREDIT>0</INH_CREDIT>
          <NON_REVENUE_AMT>-198000</NON_REVENUE_AMT>
          <TODAYS_ACCRUALS>0</TODAYS_ACCRUALS>
          <DEPOSIT_AT_CHECKIN></DEPOSIT_AT_CHECKIN>
          <PACKAGE_LED_TAX>0</PACKAGE_LED_TAX>
          <DEP_TAX_LED_DEBIT>0</DEP_TAX_LED_DEBIT>
          <OWNER_LED_DEBIT>0</OWNER_LED_DEBIT>
          <OWNER_LED_CREDIT></OWNER_LED_CREDIT>
          <DEP_LED_DEBIT_PL_CZ>0</DEP_LED_DEBIT_PL_CZ>
          <LIST_G_CURRENCY_DETAILS>
          </LIST_G_CURRENCY_DETAILS>
          <CS_CURRENCY_COUNT>0</CS_CURRENCY_COUNT>
        </G_TRX_CODE>
        <G_TRX_CODE>
          <TRX_CODE_SORT>        9105        </TRX_CODE_SORT>
          <TRX_CODE>9105</TRX_CODE>
          <DESCRIPTION>Master Card Manual</DESCRIPTION>
          <TB_AMOUNT>-3670138</TB_AMOUNT>
          <TRX_DATE>24-NOV-23</TRX_DATE>
          <NET_AMOUNT>0</NET_AMOUNT>
          <GUEST_LED_DEBIT></GUEST_LED_DEBIT>
          <GUEST_LED_CREDIT>-3670138</GUEST_LED_CREDIT>
          <AR_LED_DEBIT>3670138</AR_LED_DEBIT>
          <AR_LED_CREDIT></AR_LED_CREDIT>
          <DEP_LED_DEBIT></DEP_LED_DEBIT>
          <DEP_LED_CREDIT></DEP_LED_CREDIT>
          <PACKAGE_LED_DEBIT></PACKAGE_LED_DEBIT>
          <PACKAGE_LED_CREDIT></PACKAGE_LED_CREDIT>
          <INH_DEBIT>0</INH_DEBIT>
          <INH_CREDIT>0</INH_CREDIT>
          <NON_REVENUE_AMT>3670138</NON_REVENUE_AMT>
          <TODAYS_ACCRUALS>0</TODAYS_ACCRUALS>
          <DEPOSIT_AT_CHECKIN></DEPOSIT_AT_CHECKIN>
          <PACKAGE_LED_TAX>0</PACKAGE_LED_TAX>
          <DEP_TAX_LED_DEBIT>0</DEP_TAX_LED_DEBIT>
          <OWNER_LED_DEBIT>0</OWNER_LED_DEBIT>
          <OWNER_LED_CREDIT></OWNER_LED_CREDIT>
          <DEP_LED_DEBIT_PL_CZ>0</DEP_LED_DEBIT_PL_CZ>
          <LIST_G_CURRENCY_DETAILS>
          </LIST_G_CURRENCY_DETAILS>
          <CS_CURRENCY_COUNT>0</CS_CURRENCY_COUNT>
        </G_TRX_CODE>
        <G_TRX_CODE>
          <TRX_CODE_SORT>        9123        </TRX_CODE_SORT>
          <TRX_CODE>9123</TRX_CODE>
          <DESCRIPTION>KEB Hana Card Manual</DESCRIPTION>
          <TB_AMOUNT>385000</TB_AMOUNT>
          <TRX_DATE>24-NOV-23</TRX_DATE>
          <NET_AMOUNT>0</NET_AMOUNT>
          <GUEST_LED_DEBIT></GUEST_LED_DEBIT>
          <GUEST_LED_CREDIT>385000</GUEST_LED_CREDIT>
          <AR_LED_DEBIT>-385000</AR_LED_DEBIT>
          <AR_LED_CREDIT></AR_LED_CREDIT>
          <DEP_LED_DEBIT></DEP_LED_DEBIT>
          <DEP_LED_CREDIT></DEP_LED_CREDIT>
          <PACKAGE_LED_DEBIT></PACKAGE_LED_DEBIT>
          <PACKAGE_LED_CREDIT></PACKAGE_LED_CREDIT>
          <INH_DEBIT>0</INH_DEBIT>
          <INH_CREDIT>0</INH_CREDIT>
          <NON_REVENUE_AMT>-385000</NON_REVENUE_AMT>
          <TODAYS_ACCRUALS>0</TODAYS_ACCRUALS>
          <DEPOSIT_AT_CHECKIN></DEPOSIT_AT_CHECKIN>
          <PACKAGE_LED_TAX>0</PACKAGE_LED_TAX>
          <DEP_TAX_LED_DEBIT>0</DEP_TAX_LED_DEBIT>
          <OWNER_LED_DEBIT>0</OWNER_LED_DEBIT>
          <OWNER_LED_CREDIT></OWNER_LED_CREDIT>
          <DEP_LED_DEBIT_PL_CZ>0</DEP_LED_DEBIT_PL_CZ>
          <LIST_G_CURRENCY_DETAILS>
          </LIST_G_CURRENCY_DETAILS>
          <CS_CURRENCY_COUNT>0</CS_CURRENCY_COUNT>
        </G_TRX_CODE>
        <G_TRX_CODE>
          <TRX_CODE_SORT>        9125        </TRX_CODE_SORT>
          <TRX_CODE>9125</TRX_CODE>
          <DESCRIPTION>Samsung Card Manual</DESCRIPTION>
          <TB_AMOUNT>-436340</TB_AMOUNT>
          <TRX_DATE>24-NOV-23</TRX_DATE>
          <NET_AMOUNT>0</NET_AMOUNT>
          <GUEST_LED_DEBIT></GUEST_LED_DEBIT>
          <GUEST_LED_CREDIT>-310500</GUEST_LED_CREDIT>
          <AR_LED_DEBIT>436340</AR_LED_DEBIT>
          <AR_LED_CREDIT></AR_LED_CREDIT>
          <DEP_LED_DEBIT></DEP_LED_DEBIT>
          <DEP_LED_CREDIT>-125840</DEP_LED_CREDIT>
          <PACKAGE_LED_DEBIT></PACKAGE_LED_DEBIT>
          <PACKAGE_LED_CREDIT></PACKAGE_LED_CREDIT>
          <INH_DEBIT>0</INH_DEBIT>
          <INH_CREDIT>0</INH_CREDIT>
          <NON_REVENUE_AMT>436340</NON_REVENUE_AMT>
          <TODAYS_ACCRUALS>0</TODAYS_ACCRUALS>
          <DEPOSIT_AT_CHECKIN></DEPOSIT_AT_CHECKIN>
          <PACKAGE_LED_TAX>0</PACKAGE_LED_TAX>
          <DEP_TAX_LED_DEBIT>0</DEP_TAX_LED_DEBIT>
          <OWNER_LED_DEBIT>0</OWNER_LED_DEBIT>
          <OWNER_LED_CREDIT></OWNER_LED_CREDIT>
          <DEP_LED_DEBIT_PL_CZ>0</DEP_LED_DEBIT_PL_CZ>
          <LIST_G_CURRENCY_DETAILS>
          </LIST_G_CURRENCY_DETAILS>
          <CS_CURRENCY_COUNT>0</CS_CURRENCY_COUNT>
        </G_TRX_CODE>
        <G_TRX_CODE>
          <TRX_CODE_SORT>        9127        </TRX_CODE_SORT>
          <TRX_CODE>9127</TRX_CODE>
          <DESCRIPTION>Shinhan Card Manual</DESCRIPTION>
          <TB_AMOUNT>-691871</TB_AMOUNT>
          <TRX_DATE>24-NOV-23</TRX_DATE>
          <NET_AMOUNT>0</NET_AMOUNT>
          <GUEST_LED_DEBIT></GUEST_LED_DEBIT>
          <GUEST_LED_CREDIT>-230560</GUEST_LED_CREDIT>
          <AR_LED_DEBIT>691871</AR_LED_DEBIT>
          <AR_LED_CREDIT></AR_LED_CREDIT>
          <DEP_LED_DEBIT></DEP_LED_DEBIT>
          <DEP_LED_CREDIT>-461311</DEP_LED_CREDIT>
          <PACKAGE_LED_DEBIT></PACKAGE_LED_DEBIT>
          <PACKAGE_LED_CREDIT></PACKAGE_LED_CREDIT>
          <INH_DEBIT>0</INH_DEBIT>
          <INH_CREDIT>0</INH_CREDIT>
          <NON_REVENUE_AMT>691871</NON_REVENUE_AMT>
          <TODAYS_ACCRUALS>0</TODAYS_ACCRUALS>
          <DEPOSIT_AT_CHECKIN></DEPOSIT_AT_CHECKIN>
          <PACKAGE_LED_TAX>0</PACKAGE_LED_TAX>
          <DEP_TAX_LED_DEBIT>0</DEP_TAX_LED_DEBIT>
          <OWNER_LED_DEBIT>0</OWNER_LED_DEBIT>
          <OWNER_LED_CREDIT></OWNER_LED_CREDIT>
          <DEP_LED_DEBIT_PL_CZ>0</DEP_LED_DEBIT_PL_CZ>
          <LIST_G_CURRENCY_DETAILS>
          </LIST_G_CURRENCY_DETAILS>
          <CS_CURRENCY_COUNT>0</CS_CURRENCY_COUNT>
        </G_TRX_CODE>
        <G_TRX_CODE>
          <TRX_CODE_SORT>        9129        </TRX_CODE_SORT>
          <TRX_CODE>9129</TRX_CODE>
          <DESCRIPTION>BC Card Manual</DESCRIPTION>
          <TB_AMOUNT>-759800</TB_AMOUNT>
          <TRX_DATE>24-NOV-23</TRX_DATE>
          <NET_AMOUNT>0</NET_AMOUNT>
          <GUEST_LED_DEBIT></GUEST_LED_DEBIT>
          <GUEST_LED_CREDIT>-759800</GUEST_LED_CREDIT>
          <AR_LED_DEBIT>759800</AR_LED_DEBIT>
          <AR_LED_CREDIT></AR_LED_CREDIT>
          <DEP_LED_DEBIT></DEP_LED_DEBIT>
          <DEP_LED_CREDIT></DEP_LED_CREDIT>
          <PACKAGE_LED_DEBIT></PACKAGE_LED_DEBIT>
          <PACKAGE_LED_CREDIT></PACKAGE_LED_CREDIT>
          <INH_DEBIT>0</INH_DEBIT>
          <INH_CREDIT>0</INH_CREDIT>
          <NON_REVENUE_AMT>759800</NON_REVENUE_AMT>
          <TODAYS_ACCRUALS>0</TODAYS_ACCRUALS>
          <DEPOSIT_AT_CHECKIN></DEPOSIT_AT_CHECKIN>
          <PACKAGE_LED_TAX>0</PACKAGE_LED_TAX>
          <DEP_TAX_LED_DEBIT>0</DEP_TAX_LED_DEBIT>
          <OWNER_LED_DEBIT>0</OWNER_LED_DEBIT>
          <OWNER_LED_CREDIT></OWNER_LED_CREDIT>
          <DEP_LED_DEBIT_PL_CZ>0</DEP_LED_DEBIT_PL_CZ>
          <LIST_G_CURRENCY_DETAILS>
          </LIST_G_CURRENCY_DETAILS>
          <CS_CURRENCY_COUNT>0</CS_CURRENCY_COUNT>
        </G_TRX_CODE>
        <G_TRX_CODE>
          <TRX_CODE_SORT>        9131        </TRX_CODE_SORT>
          <TRX_CODE>9131</TRX_CODE>
          <DESCRIPTION>KB Card Manual</DESCRIPTION>
          <TB_AMOUNT>-929500</TB_AMOUNT>
          <TRX_DATE>24-NOV-23</TRX_DATE>
          <NET_AMOUNT>0</NET_AMOUNT>
          <GUEST_LED_DEBIT></GUEST_LED_DEBIT>
          <GUEST_LED_CREDIT>-929500</GUEST_LED_CREDIT>
          <AR_LED_DEBIT>929500</AR_LED_DEBIT>
          <AR_LED_CREDIT></AR_LED_CREDIT>
          <DEP_LED_DEBIT></DEP_LED_DEBIT>
          <DEP_LED_CREDIT></DEP_LED_CREDIT>
          <PACKAGE_LED_DEBIT></PACKAGE_LED_DEBIT>
          <PACKAGE_LED_CREDIT></PACKAGE_LED_CREDIT>
          <INH_DEBIT>0</INH_DEBIT>
          <INH_CREDIT>0</INH_CREDIT>
          <NON_REVENUE_AMT>929500</NON_REVENUE_AMT>
          <TODAYS_ACCRUALS>0</TODAYS_ACCRUALS>
          <DEPOSIT_AT_CHECKIN></DEPOSIT_AT_CHECKIN>
          <PACKAGE_LED_TAX>0</PACKAGE_LED_TAX>
          <DEP_TAX_LED_DEBIT>0</DEP_TAX_LED_DEBIT>
          <OWNER_LED_DEBIT>0</OWNER_LED_DEBIT>
          <OWNER_LED_CREDIT></OWNER_LED_CREDIT>
          <DEP_LED_DEBIT_PL_CZ>0</DEP_LED_DEBIT_PL_CZ>
          <LIST_G_CURRENCY_DETAILS>
          </LIST_G_CURRENCY_DETAILS>
          <CS_CURRENCY_COUNT>0</CS_CURRENCY_COUNT>
        </G_TRX_CODE>
        <G_TRX_CODE>
          <TRX_CODE_SORT>        9133        </TRX_CODE_SORT>
          <TRX_CODE>9133</TRX_CODE>
          <DESCRIPTION>Hyundai Card Manual</DESCRIPTION>
          <TB_AMOUNT>-198000</TB_AMOUNT>
          <TRX_DATE>24-NOV-23</TRX_DATE>
          <NET_AMOUNT>0</NET_AMOUNT>
          <GUEST_LED_DEBIT></GUEST_LED_DEBIT>
          <GUEST_LED_CREDIT>-198000</GUEST_LED_CREDIT>
          <AR_LED_DEBIT>198000</AR_LED_DEBIT>
          <AR_LED_CREDIT></AR_LED_CREDIT>
          <DEP_LED_DEBIT></DEP_LED_DEBIT>
          <DEP_LED_CREDIT></DEP_LED_CREDIT>
          <PACKAGE_LED_DEBIT></PACKAGE_LED_DEBIT>
          <PACKAGE_LED_CREDIT></PACKAGE_LED_CREDIT>
          <INH_DEBIT>0</INH_DEBIT>
          <INH_CREDIT>0</INH_CREDIT>
          <NON_REVENUE_AMT>198000</NON_REVENUE_AMT>
          <TODAYS_ACCRUALS>0</TODAYS_ACCRUALS>
          <DEPOSIT_AT_CHECKIN></DEPOSIT_AT_CHECKIN>
          <PACKAGE_LED_TAX>0</PACKAGE_LED_TAX>
          <DEP_TAX_LED_DEBIT>0</DEP_TAX_LED_DEBIT>
          <OWNER_LED_DEBIT>0</OWNER_LED_DEBIT>
          <OWNER_LED_CREDIT></OWNER_LED_CREDIT>
          <DEP_LED_DEBIT_PL_CZ>0</DEP_LED_DEBIT_PL_CZ>
          <LIST_G_CURRENCY_DETAILS>
          </LIST_G_CURRENCY_DETAILS>
          <CS_CURRENCY_COUNT>0</CS_CURRENCY_COUNT>
        </G_TRX_CODE>
        <G_TRX_CODE>
          <TRX_CODE_SORT>        9135        </TRX_CODE_SORT>
          <TRX_CODE>9135</TRX_CODE>
          <DESCRIPTION>NH Card Manual</DESCRIPTION>
          <TB_AMOUNT>-174500</TB_AMOUNT>
          <TRX_DATE>24-NOV-23</TRX_DATE>
          <NET_AMOUNT>0</NET_AMOUNT>
          <GUEST_LED_DEBIT></GUEST_LED_DEBIT>
          <GUEST_LED_CREDIT>-174500</GUEST_LED_CREDIT>
          <AR_LED_DEBIT>174500</AR_LED_DEBIT>
          <AR_LED_CREDIT></AR_LED_CREDIT>
          <DEP_LED_DEBIT></DEP_LED_DEBIT>
          <DEP_LED_CREDIT></DEP_LED_CREDIT>
          <PACKAGE_LED_DEBIT></PACKAGE_LED_DEBIT>
          <PACKAGE_LED_CREDIT></PACKAGE_LED_CREDIT>
          <INH_DEBIT>0</INH_DEBIT>
          <INH_CREDIT>0</INH_CREDIT>
          <NON_REVENUE_AMT>174500</NON_REVENUE_AMT>
          <TODAYS_ACCRUALS>0</TODAYS_ACCRUALS>
          <DEPOSIT_AT_CHECKIN></DEPOSIT_AT_CHECKIN>
          <PACKAGE_LED_TAX>0</PACKAGE_LED_TAX>
          <DEP_TAX_LED_DEBIT>0</DEP_TAX_LED_DEBIT>
          <OWNER_LED_DEBIT>0</OWNER_LED_DEBIT>
          <OWNER_LED_CREDIT></OWNER_LED_CREDIT>
          <DEP_LED_DEBIT_PL_CZ>0</DEP_LED_DEBIT_PL_CZ>
          <LIST_G_CURRENCY_DETAILS>
          </LIST_G_CURRENCY_DETAILS>
          <CS_CURRENCY_COUNT>0</CS_CURRENCY_COUNT>
        </G_TRX_CODE>
      </LIST_G_TRX_CODE>
      <CS_TB_AMOUNT_TYPE>-9182634</CS_TB_AMOUNT_TYPE>
    </G_TRX_TYPE>
    <G_TRX_TYPE>
      <TRX_TYPE_SORT>5</TRX_TYPE_SORT>
      <TRX_TYPE>INTERNAL</TRX_TYPE>
      <TRX_TYPE_DESCRIPTION>Internal</TRX_TYPE_DESCRIPTION>
      <IS_TB_TRX_TYPE_01>0</IS_TB_TRX_TYPE_01>
      <LIST_G_TRX_CODE>
        <G_TRX_CODE>
          <TRX_CODE_SORT>        9004        </TRX_CODE_SORT>
          <TRX_CODE>9004</TRX_CODE>
          <DESCRIPTION>Deposit Transfer at C/I</DESCRIPTION>
          <TB_AMOUNT>0</TB_AMOUNT>
          <TRX_DATE>24-NOV-23</TRX_DATE>
          <NET_AMOUNT>0</NET_AMOUNT>
          <GUEST_LED_DEBIT>0</GUEST_LED_DEBIT>
          <GUEST_LED_CREDIT>0</GUEST_LED_CREDIT>
          <AR_LED_DEBIT>0</AR_LED_DEBIT>
          <AR_LED_CREDIT></AR_LED_CREDIT>
          <DEP_LED_DEBIT>603860</DEP_LED_DEBIT>
          <DEP_LED_CREDIT></DEP_LED_CREDIT>
          <PACKAGE_LED_DEBIT></PACKAGE_LED_DEBIT>
          <PACKAGE_LED_CREDIT></PACKAGE_LED_CREDIT>
          <INH_DEBIT>0</INH_DEBIT>
          <INH_CREDIT>0</INH_CREDIT>
          <NON_REVENUE_AMT>603860</NON_REVENUE_AMT>
          <TODAYS_ACCRUALS>0</TODAYS_ACCRUALS>
          <DEPOSIT_AT_CHECKIN>603860</DEPOSIT_AT_CHECKIN>
          <PACKAGE_LED_TAX>0</PACKAGE_LED_TAX>
          <DEP_TAX_LED_DEBIT>0</DEP_TAX_LED_DEBIT>
          <OWNER_LED_DEBIT>0</OWNER_LED_DEBIT>
          <OWNER_LED_CREDIT></OWNER_LED_CREDIT>
          <DEP_LED_DEBIT_PL_CZ>0</DEP_LED_DEBIT_PL_CZ>
          <LIST_G_CURRENCY_DETAILS>
          </LIST_G_CURRENCY_DETAILS>
          <CS_CURRENCY_COUNT>0</CS_CURRENCY_COUNT>
        </G_TRX_CODE>
        <G_TRX_CODE>
          <TRX_CODE_SORT>        9999        </TRX_CODE_SORT>
          <TRX_CODE>9999</TRX_CODE>
          <DESCRIPTION>Package Wrapper</DESCRIPTION>
          <TB_AMOUNT>0</TB_AMOUNT>
          <TRX_DATE>24-NOV-23</TRX_DATE>
          <NET_AMOUNT>0</NET_AMOUNT>
          <GUEST_LED_DEBIT>1234190</GUEST_LED_DEBIT>
          <GUEST_LED_CREDIT></GUEST_LED_CREDIT>
          <AR_LED_DEBIT>0</AR_LED_DEBIT>
          <AR_LED_CREDIT></AR_LED_CREDIT>
          <DEP_LED_DEBIT></DEP_LED_DEBIT>
          <DEP_LED_CREDIT></DEP_LED_CREDIT>
          <PACKAGE_LED_DEBIT></PACKAGE_LED_DEBIT>
          <PACKAGE_LED_CREDIT>-1234190</PACKAGE_LED_CREDIT>
          <INH_DEBIT>0</INH_DEBIT>
          <INH_CREDIT>0</INH_CREDIT>
          <NON_REVENUE_AMT>2468380</NON_REVENUE_AMT>
          <TODAYS_ACCRUALS>-1234190</TODAYS_ACCRUALS>
          <DEPOSIT_AT_CHECKIN></DEPOSIT_AT_CHECKIN>
          <PACKAGE_LED_TAX>0</PACKAGE_LED_TAX>
          <DEP_TAX_LED_DEBIT>0</DEP_TAX_LED_DEBIT>
          <OWNER_LED_DEBIT>0</OWNER_LED_DEBIT>
          <OWNER_LED_CREDIT></OWNER_LED_CREDIT>
          <DEP_LED_DEBIT_PL_CZ>0</DEP_LED_DEBIT_PL_CZ>
          <LIST_G_CURRENCY_DETAILS>
          </LIST_G_CURRENCY_DETAILS>
          <CS_CURRENCY_COUNT>0</CS_CURRENCY_COUNT>
        </G_TRX_CODE>
      </LIST_G_TRX_CODE>
      <CS_TB_AMOUNT_TYPE>0</CS_TB_AMOUNT_TYPE>
    </G_TRX_TYPE>
  </LIST_G_TRX_TYPE>
  <LIST_G_CHK_BALANCE>
    <G_CHK_BALANCE>
      <CHK_BAL_CODE>CHK_BAL_GUEST_LEDGER</CHK_BAL_CODE>
      <CHK_BAL_VALUE>Guest Ledger is in balance</CHK_BAL_VALUE>
    </G_CHK_BALANCE>
    <G_CHK_BALANCE>
      <CHK_BAL_CODE>CHK_BAL_PACKAGE_LEDGER</CHK_BAL_CODE>
      <CHK_BAL_VALUE>Package Ledger is in balance</CHK_BAL_VALUE>
    </G_CHK_BALANCE>
    <G_CHK_BALANCE>
      <CHK_BAL_CODE>CHK_BAL_DEPOSIT_LEDGER</CHK_BAL_CODE>
      <CHK_BAL_VALUE>Deposit Ledger is in balance</CHK_BAL_VALUE>
    </G_CHK_BALANCE>
    <G_CHK_BALANCE>
      <CHK_BAL_CODE>CHK_BAL_AR_LEDGER</CHK_BAL_CODE>
      <CHK_BAL_VALUE>A/R Ledger is in balance</CHK_BAL_VALUE>
    </G_CHK_BALANCE>
    <G_CHK_BALANCE>
      <CHK_BAL_CODE>CHK_BAL_CASHIER_BALANCE</CHK_BAL_CODE>
      <CHK_BAL_VALUE>Cashiers are in balance</CHK_BAL_VALUE>
    </G_CHK_BALANCE>
    <G_CHK_BALANCE>
      <CHK_BAL_CODE>CHK_BAL_CO_WITH_BALANCE</CHK_BAL_CODE>
      <CHK_BAL_VALUE>There are no guests checked out with balance</CHK_BAL_VALUE>
    </G_CHK_BALANCE>
    <G_CHK_BALANCE>
      <CHK_BAL_CODE>CHK_BAL_INVALID_TRANSACTIONS</CHK_BAL_CODE>
      <CHK_BAL_VALUE>There are no invalid transactions</CHK_BAL_VALUE>
    </G_CHK_BALANCE>
    <G_CHK_BALANCE>
      <CHK_BAL_CODE>CHK_BAL_EFF_PACKAGE_LEDGER</CHK_BAL_CODE>
      <CHK_BAL_VALUE>Effective Package Ledger is in balance</CHK_BAL_VALUE>
    </G_CHK_BALANCE>
    <G_CHK_BALANCE>
      <CHK_BAL_CODE>CHK_BAL_CO_WITH_DEP_BALANCE</CHK_BAL_CODE>
      <CHK_BAL_VALUE>There are no guests checked out with deposit balance</CHK_BAL_VALUE>
    </G_CHK_BALANCE>
    <G_CHK_BALANCE>
      <CHK_BAL_CODE>CHK_BAL_DEP_LED_VS_GST_LED</CHK_BAL_CODE>
      <CHK_BAL_VALUE>There are no package ledger with guest ledger imbalances</CHK_BAL_VALUE>
    </G_CHK_BALANCE>
    <G_CHK_BALANCE>
      <CHK_BAL_CODE>CHK_BAL_TB_GUEST_LEDGER</CHK_BAL_CODE>
      <CHK_BAL_VALUE>No differences found in the guest ledger sections of the trial_balance report</CHK_BAL_VALUE>
    </G_CHK_BALANCE>
  </LIST_G_CHK_BALANCE>
  <CS_TB_AMOUNT_REP>3711315</CS_TB_AMOUNT_REP>
  <CS_GUEST_LED_DEBIT_REP>12893949</CS_GUEST_LED_DEBIT_REP>
  <CS_GUEST_LED_CREDIT_REP>-8054441</CS_GUEST_LED_CREDIT_REP>
  <CS_AR_LED_DEBIT_REP>9182635</CS_AR_LED_DEBIT_REP>
  <CS_AR_LED_CREDIT_REP>0</CS_AR_LED_CREDIT_REP>
  <CS_DEPOSIT_LED_DEBIT_REP>603860</CS_DEPOSIT_LED_DEBIT_REP>
  <CS_DEPOSIT_LED_CREDIT_REP>-1128193</CS_DEPOSIT_LED_CREDIT_REP>
  <CS_PACKAGE_LED_DEBIT_REP>1234190</CS_PACKAGE_LED_DEBIT_REP>
  <CS_PACKAGE_LED_CREDIT_REP>-1234190</CS_PACKAGE_LED_CREDIT_REP>
  <CF_GUEST_LED_REP>22102753</CF_GUEST_LED_REP>
  <CF_AR_LED_REP>836438452</CF_AR_LED_REP>
  <CF_DEPOSIT_LED_REP>-41118484</CF_DEPOSIT_LED_REP>
  <CF_PACKAGE_LED_REP>0</CF_PACKAGE_LED_REP>
  <CP_GUEST_LED_DEBIT_YEST>2961474556</CP_GUEST_LED_DEBIT_YEST>
  <CP_GUEST_LED_CREDIT_YEST>-2943607451</CP_GUEST_LED_CREDIT_YEST>
  <CP_AR_LED_DEBIT_YEST>2952988355</CP_AR_LED_DEBIT_YEST>
  <CP_AR_LED_CREDIT_YEST>-2125732538</CP_AR_LED_CREDIT_YEST>
  <CP_DEPOSIT_LED_DEBIT_YEST>199477457</CP_DEPOSIT_LED_DEBIT_YEST>
  <CP_DEPOSIT_LED_CREDIT_YEST>-240071608</CP_DEPOSIT_LED_CREDIT_YEST>
  <CP_PACKAGE_LED_DEBIT_YEST>158866729</CP_PACKAGE_LED_DEBIT_YEST>
  <CP_PACKAGE_LED_CREDIT_YEST>-158866729</CP_PACKAGE_LED_CREDIT_YEST>
  <CP_TB_BALANCE_YEST>17867105</CP_TB_BALANCE_YEST>
  <CF_GUEST_LED_YEST>17867105</CF_GUEST_LED_YEST>
  <CF_CALC_PREVIOUS_BALANCE></CF_CALC_PREVIOUS_BALANCE>
  <CF_AR_LED_YEST>827255817</CF_AR_LED_YEST>
  <CF_DEPOSIT_LED_YEST>-40594151</CF_DEPOSIT_LED_YEST>
  <CF_PACKAGE_LED_YEST>0</CF_PACKAGE_LED_YEST>
  <CF_TB_BALANCE_TODAY>21578420</CF_TB_BALANCE_TODAY>
  <CP_INH_DEBIT_YEST>0</CP_INH_DEBIT_YEST>
  <CP_INH_CREDIT_YEST>0</CP_INH_CREDIT_YEST>
  <CF_INH_YEST>0</CF_INH_YEST>
  <CS_INH_DEBIT_REP>0</CS_INH_DEBIT_REP>
  <CS_INH_CREDIT_REP>0</CS_INH_CREDIT_REP>
  <CF_INH_REP>0</CF_INH_REP>
  <CF_FUTURE_ACCRUALS>0</CF_FUTURE_ACCRUALS>
  <CF_PACKAGE_LED_TODAY>0</CF_PACKAGE_LED_TODAY>
  <CP_PACKAGE_ACCRUALS>0</CP_PACKAGE_ACCRUALS>
  <CF_TBMSG>***Values shown above are preliminary figures of the daily revenues for the unclosed business date. Figures may change once the business date has been closed and the report is re-generated.</CF_TBMSG>
  <CS_ACCRUALS_TODAY>0</CS_ACCRUALS_TODAY>
  <CF_BALANCE_TODAY>22102753</CF_BALANCE_TODAY>
  <CS_DEPOSIT_AT_CHECKIN>603860</CS_DEPOSIT_AT_CHECKIN>
  <CF_BAL_CARRIED_FORWARD>22102753</CF_BAL_CARRIED_FORWARD>
  <CF_DEPOSIT_ACTIVITY_REP>-524333</CF_DEPOSIT_ACTIVITY_REP>
  <CF_HOTEL_LEDGER_TODAY>817422721</CF_HOTEL_LEDGER_TODAY>
  <CP_PACKAGE_LED_TAX_YEST>0</CP_PACKAGE_LED_TAX_YEST>
  <CF_LOGO></CF_LOGO>
  <CS_DEPOSIT_TAX_LED_DEBIT_REP>0</CS_DEPOSIT_TAX_LED_DEBIT_REP>
  <CS_OWNER_LED_CREDIT_REP></CS_OWNER_LED_CREDIT_REP>
  <CS_OWNER_LED_DEBIT_REP>0</CS_OWNER_LED_DEBIT_REP>
  <CF_OWNER_LED_REP>0</CF_OWNER_LED_REP>
  <CP_OWNER_LED_DEBIT_YEST>0</CP_OWNER_LED_DEBIT_YEST>
  <CP_OWNER_LED_CREDIT_YEST>0</CP_OWNER_LED_CREDIT_YEST>
  <CF_OWNER_LED_YEST>0</CF_OWNER_LED_YEST>
  <CS_DEPOSIT_LED_ACTIVITY_REP>0</CS_DEPOSIT_LED_ACTIVITY_REP>
  <CP_DEP_LED_DEBIT_PL_CZ></CP_DEP_LED_DEBIT_PL_CZ>
</TRIAL_BALANCE>
