<?xml version="1.0" encoding="UTF-8"?>
<!-- Generated by Oracle Reports version 12.2.1.4.0 -->
<TRIAL_BALANCE>
  <LIST_G_TRX_TYPE>
    <G_TRX_TYPE>
      <TRX_TYPE_SORT>1</TRX_TYPE_SORT>
      <TRX_TYPE>REVENUE</TRX_TYPE>
      <TRX_TYPE_DESCRIPTION>Revenue</TRX_TYPE_DESCRIPTION>
      <IS_TB_TRX_TYPE_01>1</IS_TB_TRX_TYPE_01>
      <LIST_G_TRX_CODE>
        <G_TRX_CODE>
          <TRX_CODE_SORT>        1000        </TRX_CODE_SORT>
          <TRX_CODE>1000</TRX_CODE>
          <DESCRIPTION>Accommodation</DESCRIPTION>
          <TB_AMOUNT>11325840</TB_AMOUNT>
          <TRX_DATE>25-NOV-23</TRX_DATE>
          <NET_AMOUNT>11325840</NET_AMOUNT>
          <GUEST_LED_DEBIT>10685790</GUEST_LED_DEBIT>
          <GUEST_LED_CREDIT></GUEST_LED_CREDIT>
          <AR_LED_DEBIT>0</AR_LED_DEBIT>
          <AR_LED_CREDIT></AR_LED_CREDIT>
          <DEP_LED_DEBIT>0</DEP_LED_DEBIT>
          <DEP_LED_CREDIT></DEP_LED_CREDIT>
          <PACKAGE_LED_DEBIT>640050</PACKAGE_LED_DEBIT>
          <PACKAGE_LED_CREDIT></PACKAGE_LED_CREDIT>
          <INH_DEBIT>0</INH_DEBIT>
          <INH_CREDIT>0</INH_CREDIT>
          <NON_REVENUE_AMT>0</NON_REVENUE_AMT>
          <TODAYS_ACCRUALS>640050</TODAYS_ACCRUALS>
          <DEPOSIT_AT_CHECKIN></DEPOSIT_AT_CHECKIN>
          <PACKAGE_LED_TAX>0</PACKAGE_LED_TAX>
          <DEP_TAX_LED_DEBIT>0</DEP_TAX_LED_DEBIT>
          <OWNER_LED_DEBIT>0</OWNER_LED_DEBIT>
          <OWNER_LED_CREDIT></OWNER_LED_CREDIT>
          <DEP_LED_DEBIT_PL_CZ>0</DEP_LED_DEBIT_PL_CZ>
          <LIST_G_CURRENCY_DETAILS>
          </LIST_G_CURRENCY_DETAILS>
          <CS_CURRENCY_COUNT>0</CS_CURRENCY_COUNT>
        </G_TRX_CODE>
        <G_TRX_CODE>
          <TRX_CODE_SORT>        1002        </TRX_CODE_SORT>
          <TRX_CODE>1002</TRX_CODE>
          <DESCRIPTION>Accomdomation Manual</DESCRIPTION>
          <TB_AMOUNT>50000</TB_AMOUNT>
          <TRX_DATE>25-NOV-23</TRX_DATE>
          <NET_AMOUNT>50000</NET_AMOUNT>
          <GUEST_LED_DEBIT>50000</GUEST_LED_DEBIT>
          <GUEST_LED_CREDIT></GUEST_LED_CREDIT>
          <AR_LED_DEBIT>0</AR_LED_DEBIT>
          <AR_LED_CREDIT></AR_LED_CREDIT>
          <DEP_LED_DEBIT>0</DEP_LED_DEBIT>
          <DEP_LED_CREDIT></DEP_LED_CREDIT>
          <PACKAGE_LED_DEBIT></PACKAGE_LED_DEBIT>
          <PACKAGE_LED_CREDIT></PACKAGE_LED_CREDIT>
          <INH_DEBIT>0</INH_DEBIT>
          <INH_CREDIT>0</INH_CREDIT>
          <NON_REVENUE_AMT>0</NON_REVENUE_AMT>
          <TODAYS_ACCRUALS>0</TODAYS_ACCRUALS>
          <DEPOSIT_AT_CHECKIN></DEPOSIT_AT_CHECKIN>
          <PACKAGE_LED_TAX>0</PACKAGE_LED_TAX>
          <DEP_TAX_LED_DEBIT>0</DEP_TAX_LED_DEBIT>
          <OWNER_LED_DEBIT>0</OWNER_LED_DEBIT>
          <OWNER_LED_CREDIT></OWNER_LED_CREDIT>
          <DEP_LED_DEBIT_PL_CZ>0</DEP_LED_DEBIT_PL_CZ>
          <LIST_G_CURRENCY_DETAILS>
          </LIST_G_CURRENCY_DETAILS>
          <CS_CURRENCY_COUNT>0</CS_CURRENCY_COUNT>
        </G_TRX_CODE>
        <G_TRX_CODE>
          <TRX_CODE_SORT>        2006        </TRX_CODE_SORT>
          <TRX_CODE>2006</TRX_CODE>
          <DESCRIPTION>Taste Breakfast Package</DESCRIPTION>
          <TB_AMOUNT>645000</TB_AMOUNT>
          <TRX_DATE>25-NOV-23</TRX_DATE>
          <NET_AMOUNT>645000</NET_AMOUNT>
          <GUEST_LED_DEBIT>510000</GUEST_LED_DEBIT>
          <GUEST_LED_CREDIT></GUEST_LED_CREDIT>
          <AR_LED_DEBIT>0</AR_LED_DEBIT>
          <AR_LED_CREDIT></AR_LED_CREDIT>
          <DEP_LED_DEBIT>0</DEP_LED_DEBIT>
          <DEP_LED_CREDIT></DEP_LED_CREDIT>
          <PACKAGE_LED_DEBIT>135000</PACKAGE_LED_DEBIT>
          <PACKAGE_LED_CREDIT></PACKAGE_LED_CREDIT>
          <INH_DEBIT>0</INH_DEBIT>
          <INH_CREDIT>0</INH_CREDIT>
          <NON_REVENUE_AMT>0</NON_REVENUE_AMT>
          <TODAYS_ACCRUALS>135000</TODAYS_ACCRUALS>
          <DEPOSIT_AT_CHECKIN></DEPOSIT_AT_CHECKIN>
          <PACKAGE_LED_TAX>0</PACKAGE_LED_TAX>
          <DEP_TAX_LED_DEBIT>0</DEP_TAX_LED_DEBIT>
          <OWNER_LED_DEBIT>0</OWNER_LED_DEBIT>
          <OWNER_LED_CREDIT></OWNER_LED_CREDIT>
          <DEP_LED_DEBIT_PL_CZ>0</DEP_LED_DEBIT_PL_CZ>
          <LIST_G_CURRENCY_DETAILS>
          </LIST_G_CURRENCY_DETAILS>
          <CS_CURRENCY_COUNT>0</CS_CURRENCY_COUNT>
        </G_TRX_CODE>
      </LIST_G_TRX_CODE>
      <CS_TB_AMOUNT_TYPE>12020840</CS_TB_AMOUNT_TYPE>
    </G_TRX_TYPE>
    <G_TRX_TYPE>
      <TRX_TYPE_SORT>3</TRX_TYPE_SORT>
      <TRX_TYPE>NON REVENUE</TRX_TYPE>
      <TRX_TYPE_DESCRIPTION>Non Revenue</TRX_TYPE_DESCRIPTION>
      <IS_TB_TRX_TYPE_01>1</IS_TB_TRX_TYPE_01>
      <LIST_G_TRX_CODE>
        <G_TRX_CODE>
          <TRX_CODE_SORT>        7501        </TRX_CODE_SORT>
          <TRX_CODE>7501</TRX_CODE>
          <DESCRIPTION>Acomdomation VAT</DESCRIPTION>
          <TB_AMOUNT>1137595</TB_AMOUNT>
          <TRX_DATE>25-NOV-23</TRX_DATE>
          <NET_AMOUNT>1137595</NET_AMOUNT>
          <GUEST_LED_DEBIT>1137595</GUEST_LED_DEBIT>
          <GUEST_LED_CREDIT></GUEST_LED_CREDIT>
          <AR_LED_DEBIT>0</AR_LED_DEBIT>
          <AR_LED_CREDIT></AR_LED_CREDIT>
          <DEP_LED_DEBIT>0</DEP_LED_DEBIT>
          <DEP_LED_CREDIT></DEP_LED_CREDIT>
          <PACKAGE_LED_DEBIT></PACKAGE_LED_DEBIT>
          <PACKAGE_LED_CREDIT></PACKAGE_LED_CREDIT>
          <INH_DEBIT>0</INH_DEBIT>
          <INH_CREDIT>0</INH_CREDIT>
          <NON_REVENUE_AMT>1137595</NON_REVENUE_AMT>
          <TODAYS_ACCRUALS>0</TODAYS_ACCRUALS>
          <DEPOSIT_AT_CHECKIN></DEPOSIT_AT_CHECKIN>
          <PACKAGE_LED_TAX></PACKAGE_LED_TAX>
          <DEP_TAX_LED_DEBIT>0</DEP_TAX_LED_DEBIT>
          <OWNER_LED_DEBIT>0</OWNER_LED_DEBIT>
          <OWNER_LED_CREDIT></OWNER_LED_CREDIT>
          <DEP_LED_DEBIT_PL_CZ>0</DEP_LED_DEBIT_PL_CZ>
          <LIST_G_CURRENCY_DETAILS>
          </LIST_G_CURRENCY_DETAILS>
          <CS_CURRENCY_COUNT>0</CS_CURRENCY_COUNT>
        </G_TRX_CODE>
        <G_TRX_CODE>
          <TRX_CODE_SORT>        7504        </TRX_CODE_SORT>
          <TRX_CODE>7504</TRX_CODE>
          <DESCRIPTION>Taste Tax</DESCRIPTION>
          <TB_AMOUNT>64500</TB_AMOUNT>
          <TRX_DATE>25-NOV-23</TRX_DATE>
          <NET_AMOUNT>64500</NET_AMOUNT>
          <GUEST_LED_DEBIT>64500</GUEST_LED_DEBIT>
          <GUEST_LED_CREDIT></GUEST_LED_CREDIT>
          <AR_LED_DEBIT>0</AR_LED_DEBIT>
          <AR_LED_CREDIT></AR_LED_CREDIT>
          <DEP_LED_DEBIT>0</DEP_LED_DEBIT>
          <DEP_LED_CREDIT></DEP_LED_CREDIT>
          <PACKAGE_LED_DEBIT></PACKAGE_LED_DEBIT>
          <PACKAGE_LED_CREDIT></PACKAGE_LED_CREDIT>
          <INH_DEBIT>0</INH_DEBIT>
          <INH_CREDIT>0</INH_CREDIT>
          <NON_REVENUE_AMT>64500</NON_REVENUE_AMT>
          <TODAYS_ACCRUALS>0</TODAYS_ACCRUALS>
          <DEPOSIT_AT_CHECKIN></DEPOSIT_AT_CHECKIN>
          <PACKAGE_LED_TAX></PACKAGE_LED_TAX>
          <DEP_TAX_LED_DEBIT>0</DEP_TAX_LED_DEBIT>
          <OWNER_LED_DEBIT>0</OWNER_LED_DEBIT>
          <OWNER_LED_CREDIT></OWNER_LED_CREDIT>
          <DEP_LED_DEBIT_PL_CZ>0</DEP_LED_DEBIT_PL_CZ>
          <LIST_G_CURRENCY_DETAILS>
          </LIST_G_CURRENCY_DETAILS>
          <CS_CURRENCY_COUNT>0</CS_CURRENCY_COUNT>
        </G_TRX_CODE>
        <G_TRX_CODE>
          <TRX_CODE_SORT>        9945        </TRX_CODE_SORT>
          <TRX_CODE>9945</TRX_CODE>
          <DESCRIPTION>Credit Card Consolidation</DESCRIPTION>
          <TB_AMOUNT>0</TB_AMOUNT>
          <TRX_DATE>25-NOV-23</TRX_DATE>
          <NET_AMOUNT>0</NET_AMOUNT>
          <GUEST_LED_DEBIT>0</GUEST_LED_DEBIT>
          <GUEST_LED_CREDIT>0</GUEST_LED_CREDIT>
          <AR_LED_DEBIT>0</AR_LED_DEBIT>
          <AR_LED_CREDIT></AR_LED_CREDIT>
          <DEP_LED_DEBIT>0</DEP_LED_DEBIT>
          <DEP_LED_CREDIT></DEP_LED_CREDIT>
          <PACKAGE_LED_DEBIT></PACKAGE_LED_DEBIT>
          <PACKAGE_LED_CREDIT></PACKAGE_LED_CREDIT>
          <INH_DEBIT>0</INH_DEBIT>
          <INH_CREDIT>0</INH_CREDIT>
          <NON_REVENUE_AMT>8894772</NON_REVENUE_AMT>
          <TODAYS_ACCRUALS>0</TODAYS_ACCRUALS>
          <DEPOSIT_AT_CHECKIN></DEPOSIT_AT_CHECKIN>
          <PACKAGE_LED_TAX>0</PACKAGE_LED_TAX>
          <DEP_TAX_LED_DEBIT>0</DEP_TAX_LED_DEBIT>
          <OWNER_LED_DEBIT>0</OWNER_LED_DEBIT>
          <OWNER_LED_CREDIT></OWNER_LED_CREDIT>
          <DEP_LED_DEBIT_PL_CZ>0</DEP_LED_DEBIT_PL_CZ>
          <LIST_G_CURRENCY_DETAILS>
          </LIST_G_CURRENCY_DETAILS>
          <CS_CURRENCY_COUNT>0</CS_CURRENCY_COUNT>
        </G_TRX_CODE>
      </LIST_G_TRX_CODE>
      <CS_TB_AMOUNT_TYPE>1202095</CS_TB_AMOUNT_TYPE>
    </G_TRX_TYPE>
    <G_TRX_TYPE>
      <TRX_TYPE_SORT>4</TRX_TYPE_SORT>
      <TRX_TYPE>PAYMENT</TRX_TYPE>
      <TRX_TYPE_DESCRIPTION>Payment</TRX_TYPE_DESCRIPTION>
      <IS_TB_TRX_TYPE_01>1</IS_TB_TRX_TYPE_01>
      <LIST_G_TRX_CODE>
        <G_TRX_CODE>
          <TRX_CODE_SORT>        9000        </TRX_CODE_SORT>
          <TRX_CODE>9000</TRX_CODE>
          <DESCRIPTION>Cash</DESCRIPTION>
          <TB_AMOUNT>-1498901</TB_AMOUNT>
          <TRX_DATE>25-NOV-23</TRX_DATE>
          <NET_AMOUNT>0</NET_AMOUNT>
          <GUEST_LED_DEBIT></GUEST_LED_DEBIT>
          <GUEST_LED_CREDIT>-1498901</GUEST_LED_CREDIT>
          <AR_LED_DEBIT>0</AR_LED_DEBIT>
          <AR_LED_CREDIT></AR_LED_CREDIT>
          <DEP_LED_DEBIT></DEP_LED_DEBIT>
          <DEP_LED_CREDIT></DEP_LED_CREDIT>
          <PACKAGE_LED_DEBIT></PACKAGE_LED_DEBIT>
          <PACKAGE_LED_CREDIT></PACKAGE_LED_CREDIT>
          <INH_DEBIT>0</INH_DEBIT>
          <INH_CREDIT>0</INH_CREDIT>
          <NON_REVENUE_AMT>1498901</NON_REVENUE_AMT>
          <TODAYS_ACCRUALS>0</TODAYS_ACCRUALS>
          <DEPOSIT_AT_CHECKIN></DEPOSIT_AT_CHECKIN>
          <PACKAGE_LED_TAX>0</PACKAGE_LED_TAX>
          <DEP_TAX_LED_DEBIT>0</DEP_TAX_LED_DEBIT>
          <OWNER_LED_DEBIT>0</OWNER_LED_DEBIT>
          <OWNER_LED_CREDIT></OWNER_LED_CREDIT>
          <DEP_LED_DEBIT_PL_CZ>0</DEP_LED_DEBIT_PL_CZ>
          <LIST_G_CURRENCY_DETAILS>
          </LIST_G_CURRENCY_DETAILS>
          <CS_CURRENCY_COUNT>0</CS_CURRENCY_COUNT>
        </G_TRX_CODE>
        <G_TRX_CODE>
          <TRX_CODE_SORT>        9003        </TRX_CODE_SORT>
          <TRX_CODE>9003</TRX_CODE>
          <DESCRIPTION>City Ledger</DESCRIPTION>
          <TB_AMOUNT>-1782456</TB_AMOUNT>
          <TRX_DATE>25-NOV-23</TRX_DATE>
          <NET_AMOUNT>0</NET_AMOUNT>
          <GUEST_LED_DEBIT>0</GUEST_LED_DEBIT>
          <GUEST_LED_CREDIT>-1782456</GUEST_LED_CREDIT>
          <AR_LED_DEBIT>1782456</AR_LED_DEBIT>
          <AR_LED_CREDIT></AR_LED_CREDIT>
          <DEP_LED_DEBIT></DEP_LED_DEBIT>
          <DEP_LED_CREDIT></DEP_LED_CREDIT>
          <PACKAGE_LED_DEBIT></PACKAGE_LED_DEBIT>
          <PACKAGE_LED_CREDIT></PACKAGE_LED_CREDIT>
          <INH_DEBIT>0</INH_DEBIT>
          <INH_CREDIT>0</INH_CREDIT>
          <NON_REVENUE_AMT>0</NON_REVENUE_AMT>
          <TODAYS_ACCRUALS>0</TODAYS_ACCRUALS>
          <DEPOSIT_AT_CHECKIN></DEPOSIT_AT_CHECKIN>
          <PACKAGE_LED_TAX>0</PACKAGE_LED_TAX>
          <DEP_TAX_LED_DEBIT>0</DEP_TAX_LED_DEBIT>
          <OWNER_LED_DEBIT>0</OWNER_LED_DEBIT>
          <OWNER_LED_CREDIT></OWNER_LED_CREDIT>
          <DEP_LED_DEBIT_PL_CZ>0</DEP_LED_DEBIT_PL_CZ>
          <LIST_G_CURRENCY_DETAILS>
          </LIST_G_CURRENCY_DETAILS>
          <CS_CURRENCY_COUNT>0</CS_CURRENCY_COUNT>
        </G_TRX_CODE>
        <G_TRX_CODE>
          <TRX_CODE_SORT>        9101        </TRX_CODE_SORT>
          <TRX_CODE>9101</TRX_CODE>
          <DESCRIPTION>Visa Card Manual</DESCRIPTION>
          <TB_AMOUNT>-1163408</TB_AMOUNT>
          <TRX_DATE>25-NOV-23</TRX_DATE>
          <NET_AMOUNT>0</NET_AMOUNT>
          <GUEST_LED_DEBIT></GUEST_LED_DEBIT>
          <GUEST_LED_CREDIT>-1163408</GUEST_LED_CREDIT>
          <AR_LED_DEBIT>1163408</AR_LED_DEBIT>
          <AR_LED_CREDIT></AR_LED_CREDIT>
          <DEP_LED_DEBIT></DEP_LED_DEBIT>
          <DEP_LED_CREDIT></DEP_LED_CREDIT>
          <PACKAGE_LED_DEBIT></PACKAGE_LED_DEBIT>
          <PACKAGE_LED_CREDIT></PACKAGE_LED_CREDIT>
          <INH_DEBIT>0</INH_DEBIT>
          <INH_CREDIT>0</INH_CREDIT>
          <NON_REVENUE_AMT>1163408</NON_REVENUE_AMT>
          <TODAYS_ACCRUALS>0</TODAYS_ACCRUALS>
          <DEPOSIT_AT_CHECKIN></DEPOSIT_AT_CHECKIN>
          <PACKAGE_LED_TAX>0</PACKAGE_LED_TAX>
          <DEP_TAX_LED_DEBIT>0</DEP_TAX_LED_DEBIT>
          <OWNER_LED_DEBIT>0</OWNER_LED_DEBIT>
          <OWNER_LED_CREDIT></OWNER_LED_CREDIT>
          <DEP_LED_DEBIT_PL_CZ>0</DEP_LED_DEBIT_PL_CZ>
          <LIST_G_CURRENCY_DETAILS>
          </LIST_G_CURRENCY_DETAILS>
          <CS_CURRENCY_COUNT>0</CS_CURRENCY_COUNT>
        </G_TRX_CODE>
        <G_TRX_CODE>
          <TRX_CODE_SORT>        9105        </TRX_CODE_SORT>
          <TRX_CODE>9105</TRX_CODE>
          <DESCRIPTION>Master Card Manual</DESCRIPTION>
          <TB_AMOUNT>-7030564</TB_AMOUNT>
          <TRX_DATE>25-NOV-23</TRX_DATE>
          <NET_AMOUNT>0</NET_AMOUNT>
          <GUEST_LED_DEBIT></GUEST_LED_DEBIT>
          <GUEST_LED_CREDIT>-7030564</GUEST_LED_CREDIT>
          <AR_LED_DEBIT>7030564</AR_LED_DEBIT>
          <AR_LED_CREDIT></AR_LED_CREDIT>
          <DEP_LED_DEBIT></DEP_LED_DEBIT>
          <DEP_LED_CREDIT></DEP_LED_CREDIT>
          <PACKAGE_LED_DEBIT></PACKAGE_LED_DEBIT>
          <PACKAGE_LED_CREDIT></PACKAGE_LED_CREDIT>
          <INH_DEBIT>0</INH_DEBIT>
          <INH_CREDIT>0</INH_CREDIT>
          <NON_REVENUE_AMT>7030564</NON_REVENUE_AMT>
          <TODAYS_ACCRUALS>0</TODAYS_ACCRUALS>
          <DEPOSIT_AT_CHECKIN></DEPOSIT_AT_CHECKIN>
          <PACKAGE_LED_TAX>0</PACKAGE_LED_TAX>
          <DEP_TAX_LED_DEBIT>0</DEP_TAX_LED_DEBIT>
          <OWNER_LED_DEBIT>0</OWNER_LED_DEBIT>
          <OWNER_LED_CREDIT></OWNER_LED_CREDIT>
          <DEP_LED_DEBIT_PL_CZ>0</DEP_LED_DEBIT_PL_CZ>
          <LIST_G_CURRENCY_DETAILS>
          </LIST_G_CURRENCY_DETAILS>
          <CS_CURRENCY_COUNT>0</CS_CURRENCY_COUNT>
        </G_TRX_CODE>
        <G_TRX_CODE>
          <TRX_CODE_SORT>        9123        </TRX_CODE_SORT>
          <TRX_CODE>9123</TRX_CODE>
          <DESCRIPTION>KEB Hana Card Manual</DESCRIPTION>
          <TB_AMOUNT>0</TB_AMOUNT>
          <TRX_DATE>25-NOV-23</TRX_DATE>
          <NET_AMOUNT>0</NET_AMOUNT>
          <GUEST_LED_DEBIT></GUEST_LED_DEBIT>
          <GUEST_LED_CREDIT>0</GUEST_LED_CREDIT>
          <AR_LED_DEBIT>0</AR_LED_DEBIT>
          <AR_LED_CREDIT></AR_LED_CREDIT>
          <DEP_LED_DEBIT></DEP_LED_DEBIT>
          <DEP_LED_CREDIT></DEP_LED_CREDIT>
          <PACKAGE_LED_DEBIT></PACKAGE_LED_DEBIT>
          <PACKAGE_LED_CREDIT></PACKAGE_LED_CREDIT>
          <INH_DEBIT>0</INH_DEBIT>
          <INH_CREDIT>0</INH_CREDIT>
          <NON_REVENUE_AMT>0</NON_REVENUE_AMT>
          <TODAYS_ACCRUALS>0</TODAYS_ACCRUALS>
          <DEPOSIT_AT_CHECKIN></DEPOSIT_AT_CHECKIN>
          <PACKAGE_LED_TAX>0</PACKAGE_LED_TAX>
          <DEP_TAX_LED_DEBIT>0</DEP_TAX_LED_DEBIT>
          <OWNER_LED_DEBIT>0</OWNER_LED_DEBIT>
          <OWNER_LED_CREDIT></OWNER_LED_CREDIT>
          <DEP_LED_DEBIT_PL_CZ>0</DEP_LED_DEBIT_PL_CZ>
          <LIST_G_CURRENCY_DETAILS>
          </LIST_G_CURRENCY_DETAILS>
          <CS_CURRENCY_COUNT>0</CS_CURRENCY_COUNT>
        </G_TRX_CODE>
        <G_TRX_CODE>
          <TRX_CODE_SORT>        9129        </TRX_CODE_SORT>
          <TRX_CODE>9129</TRX_CODE>
          <DESCRIPTION>BC Card Manual</DESCRIPTION>
          <TB_AMOUNT>-700800</TB_AMOUNT>
          <TRX_DATE>25-NOV-23</TRX_DATE>
          <NET_AMOUNT>0</NET_AMOUNT>
          <GUEST_LED_DEBIT></GUEST_LED_DEBIT>
          <GUEST_LED_CREDIT>-700800</GUEST_LED_CREDIT>
          <AR_LED_DEBIT>700800</AR_LED_DEBIT>
          <AR_LED_CREDIT></AR_LED_CREDIT>
          <DEP_LED_DEBIT></DEP_LED_DEBIT>
          <DEP_LED_CREDIT></DEP_LED_CREDIT>
          <PACKAGE_LED_DEBIT></PACKAGE_LED_DEBIT>
          <PACKAGE_LED_CREDIT></PACKAGE_LED_CREDIT>
          <INH_DEBIT>0</INH_DEBIT>
          <INH_CREDIT>0</INH_CREDIT>
          <NON_REVENUE_AMT>700800</NON_REVENUE_AMT>
          <TODAYS_ACCRUALS>0</TODAYS_ACCRUALS>
          <DEPOSIT_AT_CHECKIN></DEPOSIT_AT_CHECKIN>
          <PACKAGE_LED_TAX>0</PACKAGE_LED_TAX>
          <DEP_TAX_LED_DEBIT>0</DEP_TAX_LED_DEBIT>
          <OWNER_LED_DEBIT>0</OWNER_LED_DEBIT>
          <OWNER_LED_CREDIT></OWNER_LED_CREDIT>
          <DEP_LED_DEBIT_PL_CZ>0</DEP_LED_DEBIT_PL_CZ>
          <LIST_G_CURRENCY_DETAILS>
          </LIST_G_CURRENCY_DETAILS>
          <CS_CURRENCY_COUNT>0</CS_CURRENCY_COUNT>
        </G_TRX_CODE>
      </LIST_G_TRX_CODE>
      <CS_TB_AMOUNT_TYPE>-12176129</CS_TB_AMOUNT_TYPE>
    </G_TRX_TYPE>
    <G_TRX_TYPE>
      <TRX_TYPE_SORT>5</TRX_TYPE_SORT>
      <TRX_TYPE>INTERNAL</TRX_TYPE>
      <TRX_TYPE_DESCRIPTION>Internal</TRX_TYPE_DESCRIPTION>
      <IS_TB_TRX_TYPE_01>0</IS_TB_TRX_TYPE_01>
      <LIST_G_TRX_CODE>
        <G_TRX_CODE>
          <TRX_CODE_SORT>        9004        </TRX_CODE_SORT>
          <TRX_CODE>9004</TRX_CODE>
          <DESCRIPTION>Deposit Transfer at C/I</DESCRIPTION>
          <TB_AMOUNT>0</TB_AMOUNT>
          <TRX_DATE>25-NOV-23</TRX_DATE>
          <NET_AMOUNT>0</NET_AMOUNT>
          <GUEST_LED_DEBIT>0</GUEST_LED_DEBIT>
          <GUEST_LED_CREDIT>0</GUEST_LED_CREDIT>
          <AR_LED_DEBIT>0</AR_LED_DEBIT>
          <AR_LED_CREDIT></AR_LED_CREDIT>
          <DEP_LED_DEBIT>640489</DEP_LED_DEBIT>
          <DEP_LED_CREDIT></DEP_LED_CREDIT>
          <PACKAGE_LED_DEBIT></PACKAGE_LED_DEBIT>
          <PACKAGE_LED_CREDIT></PACKAGE_LED_CREDIT>
          <INH_DEBIT>0</INH_DEBIT>
          <INH_CREDIT>0</INH_CREDIT>
          <NON_REVENUE_AMT>640489</NON_REVENUE_AMT>
          <TODAYS_ACCRUALS>0</TODAYS_ACCRUALS>
          <DEPOSIT_AT_CHECKIN>640489</DEPOSIT_AT_CHECKIN>
          <PACKAGE_LED_TAX>0</PACKAGE_LED_TAX>
          <DEP_TAX_LED_DEBIT>0</DEP_TAX_LED_DEBIT>
          <OWNER_LED_DEBIT>0</OWNER_LED_DEBIT>
          <OWNER_LED_CREDIT></OWNER_LED_CREDIT>
          <DEP_LED_DEBIT_PL_CZ>0</DEP_LED_DEBIT_PL_CZ>
          <LIST_G_CURRENCY_DETAILS>
          </LIST_G_CURRENCY_DETAILS>
          <CS_CURRENCY_COUNT>0</CS_CURRENCY_COUNT>
        </G_TRX_CODE>
        <G_TRX_CODE>
          <TRX_CODE_SORT>        9999        </TRX_CODE_SORT>
          <TRX_CODE>9999</TRX_CODE>
          <DESCRIPTION>Package Wrapper</DESCRIPTION>
          <TB_AMOUNT>0</TB_AMOUNT>
          <TRX_DATE>25-NOV-23</TRX_DATE>
          <NET_AMOUNT>0</NET_AMOUNT>
          <GUEST_LED_DEBIT>775050</GUEST_LED_DEBIT>
          <GUEST_LED_CREDIT></GUEST_LED_CREDIT>
          <AR_LED_DEBIT>0</AR_LED_DEBIT>
          <AR_LED_CREDIT></AR_LED_CREDIT>
          <DEP_LED_DEBIT></DEP_LED_DEBIT>
          <DEP_LED_CREDIT></DEP_LED_CREDIT>
          <PACKAGE_LED_DEBIT></PACKAGE_LED_DEBIT>
          <PACKAGE_LED_CREDIT>-775050</PACKAGE_LED_CREDIT>
          <INH_DEBIT>0</INH_DEBIT>
          <INH_CREDIT>0</INH_CREDIT>
          <NON_REVENUE_AMT>1550100</NON_REVENUE_AMT>
          <TODAYS_ACCRUALS>-775050</TODAYS_ACCRUALS>
          <DEPOSIT_AT_CHECKIN></DEPOSIT_AT_CHECKIN>
          <PACKAGE_LED_TAX>0</PACKAGE_LED_TAX>
          <DEP_TAX_LED_DEBIT>0</DEP_TAX_LED_DEBIT>
          <OWNER_LED_DEBIT>0</OWNER_LED_DEBIT>
          <OWNER_LED_CREDIT></OWNER_LED_CREDIT>
          <DEP_LED_DEBIT_PL_CZ>0</DEP_LED_DEBIT_PL_CZ>
          <LIST_G_CURRENCY_DETAILS>
          </LIST_G_CURRENCY_DETAILS>
          <CS_CURRENCY_COUNT>0</CS_CURRENCY_COUNT>
        </G_TRX_CODE>
      </LIST_G_TRX_CODE>
      <CS_TB_AMOUNT_TYPE>0</CS_TB_AMOUNT_TYPE>
    </G_TRX_TYPE>
  </LIST_G_TRX_TYPE>
  <LIST_G_CHK_BALANCE>
    <G_CHK_BALANCE>
      <CHK_BAL_CODE>CHK_BAL_GUEST_LEDGER</CHK_BAL_CODE>
      <CHK_BAL_VALUE>Guest Ledger is in balance</CHK_BAL_VALUE>
    </G_CHK_BALANCE>
    <G_CHK_BALANCE>
      <CHK_BAL_CODE>CHK_BAL_PACKAGE_LEDGER</CHK_BAL_CODE>
      <CHK_BAL_VALUE>Package Ledger is in balance</CHK_BAL_VALUE>
    </G_CHK_BALANCE>
    <G_CHK_BALANCE>
      <CHK_BAL_CODE>CHK_BAL_DEPOSIT_LEDGER</CHK_BAL_CODE>
      <CHK_BAL_VALUE>Deposit Ledger is in balance</CHK_BAL_VALUE>
    </G_CHK_BALANCE>
    <G_CHK_BALANCE>
      <CHK_BAL_CODE>CHK_BAL_AR_LEDGER</CHK_BAL_CODE>
      <CHK_BAL_VALUE>A/R Ledger is in balance</CHK_BAL_VALUE>
    </G_CHK_BALANCE>
    <G_CHK_BALANCE>
      <CHK_BAL_CODE>CHK_BAL_CASHIER_BALANCE</CHK_BAL_CODE>
      <CHK_BAL_VALUE>Cashiers are in balance</CHK_BAL_VALUE>
    </G_CHK_BALANCE>
    <G_CHK_BALANCE>
      <CHK_BAL_CODE>CHK_BAL_CO_WITH_BALANCE</CHK_BAL_CODE>
      <CHK_BAL_VALUE>There are no guests checked out with balance</CHK_BAL_VALUE>
    </G_CHK_BALANCE>
    <G_CHK_BALANCE>
      <CHK_BAL_CODE>CHK_BAL_INVALID_TRANSACTIONS</CHK_BAL_CODE>
      <CHK_BAL_VALUE>There are no invalid transactions</CHK_BAL_VALUE>
    </G_CHK_BALANCE>
    <G_CHK_BALANCE>
      <CHK_BAL_CODE>CHK_BAL_EFF_PACKAGE_LEDGER</CHK_BAL_CODE>
      <CHK_BAL_VALUE>Effective Package Ledger is in balance</CHK_BAL_VALUE>
    </G_CHK_BALANCE>
    <G_CHK_BALANCE>
      <CHK_BAL_CODE>CHK_BAL_CO_WITH_DEP_BALANCE</CHK_BAL_CODE>
      <CHK_BAL_VALUE>There are no guests checked out with deposit balance</CHK_BAL_VALUE>
    </G_CHK_BALANCE>
    <G_CHK_BALANCE>
      <CHK_BAL_CODE>CHK_BAL_DEP_LED_VS_GST_LED</CHK_BAL_CODE>
      <CHK_BAL_VALUE>There are no package ledger with guest ledger imbalances</CHK_BAL_VALUE>
    </G_CHK_BALANCE>
    <G_CHK_BALANCE>
      <CHK_BAL_CODE>CHK_BAL_TB_GUEST_LEDGER</CHK_BAL_CODE>
      <CHK_BAL_VALUE>No differences found in the guest ledger sections of the trial_balance report</CHK_BAL_VALUE>
    </G_CHK_BALANCE>
  </LIST_G_CHK_BALANCE>
  <CS_TB_AMOUNT_REP>1046806</CS_TB_AMOUNT_REP>
  <CS_GUEST_LED_DEBIT_REP>13222935</CS_GUEST_LED_DEBIT_REP>
  <CS_GUEST_LED_CREDIT_REP>-12176129</CS_GUEST_LED_CREDIT_REP>
  <CS_AR_LED_DEBIT_REP>10677228</CS_AR_LED_DEBIT_REP>
  <CS_AR_LED_CREDIT_REP>0</CS_AR_LED_CREDIT_REP>
  <CS_DEPOSIT_LED_DEBIT_REP>640489</CS_DEPOSIT_LED_DEBIT_REP>
  <CS_DEPOSIT_LED_CREDIT_REP>0</CS_DEPOSIT_LED_CREDIT_REP>
  <CS_PACKAGE_LED_DEBIT_REP>775050</CS_PACKAGE_LED_DEBIT_REP>
  <CS_PACKAGE_LED_CREDIT_REP>-775050</CS_PACKAGE_LED_CREDIT_REP>
  <CF_GUEST_LED_REP>22509070</CF_GUEST_LED_REP>
  <CF_AR_LED_REP>847115680</CF_AR_LED_REP>
  <CF_DEPOSIT_LED_REP>-40477995</CF_DEPOSIT_LED_REP>
  <CF_PACKAGE_LED_REP>0</CF_PACKAGE_LED_REP>
  <CP_GUEST_LED_DEBIT_YEST>2974368505</CP_GUEST_LED_DEBIT_YEST>
  <CP_GUEST_LED_CREDIT_YEST>-2952265752</CP_GUEST_LED_CREDIT_YEST>
  <CP_AR_LED_DEBIT_YEST>2962170990</CP_AR_LED_DEBIT_YEST>
  <CP_AR_LED_CREDIT_YEST>-2125732538</CP_AR_LED_CREDIT_YEST>
  <CP_DEPOSIT_LED_DEBIT_YEST>200081317</CP_DEPOSIT_LED_DEBIT_YEST>
  <CP_DEPOSIT_LED_CREDIT_YEST>-241199801</CP_DEPOSIT_LED_CREDIT_YEST>
  <CP_PACKAGE_LED_DEBIT_YEST>160100919</CP_PACKAGE_LED_DEBIT_YEST>
  <CP_PACKAGE_LED_CREDIT_YEST>-160100919</CP_PACKAGE_LED_CREDIT_YEST>
  <CP_TB_BALANCE_YEST>22102753</CP_TB_BALANCE_YEST>
  <CF_GUEST_LED_YEST>22102753</CF_GUEST_LED_YEST>
  <CF_CALC_PREVIOUS_BALANCE></CF_CALC_PREVIOUS_BALANCE>
  <CF_AR_LED_YEST>836438452</CF_AR_LED_YEST>
  <CF_DEPOSIT_LED_YEST>-41118484</CF_DEPOSIT_LED_YEST>
  <CF_PACKAGE_LED_YEST>0</CF_PACKAGE_LED_YEST>
  <CF_TB_BALANCE_TODAY>23149559</CF_TB_BALANCE_TODAY>
  <CP_INH_DEBIT_YEST>0</CP_INH_DEBIT_YEST>
  <CP_INH_CREDIT_YEST>0</CP_INH_CREDIT_YEST>
  <CF_INH_YEST>0</CF_INH_YEST>
  <CS_INH_DEBIT_REP>0</CS_INH_DEBIT_REP>
  <CS_INH_CREDIT_REP>0</CS_INH_CREDIT_REP>
  <CF_INH_REP>0</CF_INH_REP>
  <CF_FUTURE_ACCRUALS>0</CF_FUTURE_ACCRUALS>
  <CF_PACKAGE_LED_TODAY>0</CF_PACKAGE_LED_TODAY>
  <CP_PACKAGE_ACCRUALS>0</CP_PACKAGE_ACCRUALS>
  <CF_TBMSG>***Values shown above are preliminary figures of the daily revenues for the unclosed business date. Figures may change once the business date has been closed and the report is re-generated.</CF_TBMSG>
  <CS_ACCRUALS_TODAY>0</CS_ACCRUALS_TODAY>
  <CF_BALANCE_TODAY>22509070</CF_BALANCE_TODAY>
  <CS_DEPOSIT_AT_CHECKIN>640489</CS_DEPOSIT_AT_CHECKIN>
  <CF_BAL_CARRIED_FORWARD>22509070</CF_BAL_CARRIED_FORWARD>
  <CF_DEPOSIT_ACTIVITY_REP>640489</CF_DEPOSIT_ACTIVITY_REP>
  <CF_HOTEL_LEDGER_TODAY>829146755</CF_HOTEL_LEDGER_TODAY>
  <CP_PACKAGE_LED_TAX_YEST>0</CP_PACKAGE_LED_TAX_YEST>
  <CF_LOGO></CF_LOGO>
  <CS_DEPOSIT_TAX_LED_DEBIT_REP>0</CS_DEPOSIT_TAX_LED_DEBIT_REP>
  <CS_OWNER_LED_CREDIT_REP></CS_OWNER_LED_CREDIT_REP>
  <CS_OWNER_LED_DEBIT_REP>0</CS_OWNER_LED_DEBIT_REP>
  <CF_OWNER_LED_REP>0</CF_OWNER_LED_REP>
  <CP_OWNER_LED_DEBIT_YEST>0</CP_OWNER_LED_DEBIT_YEST>
  <CP_OWNER_LED_CREDIT_YEST>0</CP_OWNER_LED_CREDIT_YEST>
  <CF_OWNER_LED_YEST>0</CF_OWNER_LED_YEST>
  <CS_DEPOSIT_LED_ACTIVITY_REP>0</CS_DEPOSIT_LED_ACTIVITY_REP>
  <CP_DEP_LED_DEBIT_PL_CZ></CP_DEP_LED_DEBIT_PL_CZ>
</TRIAL_BALANCE>
